bundle,type,count,error
atlas/scenario_atlas.unity3d,Sprite,33,
atlas/scenario_atlas.unity3d,SpriteAtlas,1,
atlas/scenario_atlas.unity3d,AssetBundle,1,
atlas/scenario_atlas.unity3d,Texture2D,1,
scenario/dialogue.unity3d,MonoBehaviour,1934,
scenario/dialogue.unity3d,GameObject,1074,
scenario/dialogue.unity3d,RectTransform,1071,
scenario/dialogue.unity3d,CanvasRenderer,823,
scenario/dialogue.unity3d,CanvasGroup,218,
scenario/dialogue.unity3d,Animator,92,
scenario/dialogue.unity3d,Sprite,57,
scenario/dialogue.unity3d,MonoScript,52,
scenario/dialogue.unity3d,AnimationClip,34,
scenario/dialogue.unity3d,AnimatorController,21,
scenario/dialogue.unity3d,PlayableDirector,19,
scenario/dialogue.unity3d,Material,6,
scenario/dialogue.unity3d,Texture2D,3,
scenario/dialogue.unity3d,Transform,3,
scenario/dialogue.unity3d,Canvas,2,
scenario/dialogue.unity3d,PreloadData,1,
scenario/dialogue.unity3d,AssetBundle,1,
scenario/dialogue.unity3d,Cubemap,1,
scenario/dialogue.unity3d,AudioSource,1,
scenario/dialogue.unity3d,RenderSettings,1,
scenario/dialogue.unity3d,Animation,1,
scenario/dialogue.unity3d,LightmapSettings,1,
scenario/dialogue.unity3d,NavMeshSettings,1,
scenario/scenario_alm-mk-da00101.unity3d,AnimationClip,483,
scenario/scenario_alm-mk-da00101.unity3d,GameObject,174,
scenario/scenario_alm-mk-da00101.unity3d,Transform,158,
scenario/scenario_alm-mk-da00101.unity3d,MonoBehaviour,116,
scenario/scenario_alm-mk-da00101.unity3d,MonoScript,42,
scenario/scenario_alm-mk-da00101.unity3d,Animator,24,
scenario/scenario_alm-mk-da00101.unity3d,ParticleSystem,21,
scenario/scenario_alm-mk-da00101.unity3d,ParticleSystemRenderer,21,
scenario/scenario_alm-mk-da00101.unity3d,MeshRenderer,19,
scenario/scenario_alm-mk-da00101.unity3d,MeshFilter,19,
scenario/scenario_alm-mk-da00101.unity3d,Material,18,
scenario/scenario_alm-mk-da00101.unity3d,RectTransform,16,
scenario/scenario_alm-mk-da00101.unity3d,SpriteRenderer,12,
scenario/scenario_alm-mk-da00101.unity3d,CanvasRenderer,9,
scenario/scenario_alm-mk-da00101.unity3d,PlayableDirector,6,
scenario/scenario_alm-mk-da00101.unity3d,AnimatorController,5,
scenario/scenario_alm-mk-da00101.unity3d,BoxCollider,5,
scenario/scenario_alm-mk-da00101.unity3d,TextAsset,4,
scenario/scenario_alm-mk-da00101.unity3d,Camera,2,
scenario/scenario_alm-mk-da00101.unity3d,PreloadData,1,
scenario/scenario_alm-mk-da00101.unity3d,AssetBundle,1,
scenario/scenario_alm-mk-da00101.unity3d,Sprite,1,
scenario/scenario_alm-mk-da00101.unity3d,RenderSettings,1,
scenario/scenario_alm-mk-da00101.unity3d,LightmapSettings,1,
scenario/scenario_alm-mk-da00101.unity3d,NavMeshSettings,1,
scenario/scenario_alm-mk-da00101.unity3d,Canvas,1,
scenario/scenario_alm-mk-da00101.unity3d,LightingSettings,1,
scenario/scenario_alm-os-da00102.unity3d,AnimationClip,647,
scenario/scenario_alm-os-da00102.unity3d,MonoBehaviour,291,
scenario/scenario_alm-os-da00102.unity3d,GameObject,161,
scenario/scenario_alm-os-da00102.unity3d,Transform,121,
scenario/scenario_alm-os-da00102.unity3d,MonoScript,58,
scenario/scenario_alm-os-da00102.unity3d,RectTransform,40,
scenario/scenario_alm-os-da00102.unity3d,Animator,27,
scenario/scenario_alm-os-da00102.unity3d,CanvasRenderer,20,
scenario/scenario_alm-os-da00102.unity3d,SpriteRenderer,14,
scenario/scenario_alm-os-da00102.unity3d,CanvasGroup,14,
scenario/scenario_alm-os-da00102.unity3d,MeshRenderer,13,
scenario/scenario_alm-os-da00102.unity3d,MeshFilter,13,
scenario/scenario_alm-os-da00102.unity3d,AnimatorController,10,
scenario/scenario_alm-os-da00102.unity3d,Material,6,
scenario/scenario_alm-os-da00102.unity3d,BoxCollider,5,
scenario/scenario_alm-os-da00102.unity3d,TextAsset,4,
scenario/scenario_alm-os-da00102.unity3d,PlayableDirector,4,
scenario/scenario_alm-os-da00102.unity3d,Sprite,3,
scenario/scenario_alm-os-da00102.unity3d,Camera,2,
scenario/scenario_alm-os-da00102.unity3d,PreloadData,1,
scenario/scenario_alm-os-da00102.unity3d,AssetBundle,1,
scenario/scenario_alm-os-da00102.unity3d,RenderSettings,1,
scenario/scenario_alm-os-da00102.unity3d,LightmapSettings,1,
scenario/scenario_alm-os-da00102.unity3d,NavMeshSettings,1,
scenario/scenario_alm-os-da00102.unity3d,ParticleSystem,1,
scenario/scenario_alm-os-da00102.unity3d,ParticleSystemRenderer,1,
scenario/scenario_alm-os-da00102.unity3d,Canvas,1,
scenario/scenario_alm-os-da00102.unity3d,LightingSettings,1,
scenario/scenario_alm-os-da00201-2.unity3d,GameObject,3173,
scenario/scenario_alm-os-da00201-2.unity3d,Transform,2968,
scenario/scenario_alm-os-da00201-2.unity3d,MonoBehaviour,2889,
scenario/scenario_alm-os-da00201-2.unity3d,AnimationClip,2315,
scenario/scenario_alm-os-da00201-2.unity3d,MeshRenderer,567,
scenario/scenario_alm-os-da00201-2.unity3d,MeshFilter,567,
scenario/scenario_alm-os-da00201-2.unity3d,Animator,307,
scenario/scenario_alm-os-da00201-2.unity3d,SpriteRenderer,264,
scenario/scenario_alm-os-da00201-2.unity3d,RectTransform,205,
scenario/scenario_alm-os-da00201-2.unity3d,CanvasRenderer,142,
scenario/scenario_alm-os-da00201-2.unity3d,BoxCollider,126,
scenario/scenario_alm-os-da00201-2.unity3d,MonoScript,59,
scenario/scenario_alm-os-da00201-2.unity3d,ParticleSystem,53,
scenario/scenario_alm-os-da00201-2.unity3d,ParticleSystemRenderer,53,
scenario/scenario_alm-os-da00201-2.unity3d,AnimatorController,41,
scenario/scenario_alm-os-da00201-2.unity3d,TextAsset,31,
scenario/scenario_alm-os-da00201-2.unity3d,Material,13,
scenario/scenario_alm-os-da00201-2.unity3d,PlayableDirector,10,
scenario/scenario_alm-os-da00201-2.unity3d,Sprite,7,
scenario/scenario_alm-os-da00201-2.unity3d,Camera,2,
scenario/scenario_alm-os-da00201-2.unity3d,CanvasGroup,2,
scenario/scenario_alm-os-da00201-2.unity3d,PreloadData,1,
scenario/scenario_alm-os-da00201-2.unity3d,AssetBundle,1,
scenario/scenario_alm-os-da00201-2.unity3d,AnimatorOverrideController,1,
scenario/scenario_alm-os-da00201-2.unity3d,RenderSettings,1,
scenario/scenario_alm-os-da00201-2.unity3d,LightmapSettings,1,
scenario/scenario_alm-os-da00201-2.unity3d,NavMeshSettings,1,
scenario/scenario_alm-os-da00201-2.unity3d,Canvas,1,
scenario/scenario_alm-os-da00201-2.unity3d,LightingSettings,1,
scenario/scenario_alm-os-da00201.unity3d,MonoBehaviour,58,
scenario/scenario_alm-os-da00201.unity3d,MonoScript,35,
scenario/scenario_alm-os-da00201.unity3d,GameObject,32,
scenario/scenario_alm-os-da00201.unity3d,Transform,16,
scenario/scenario_alm-os-da00201.unity3d,RectTransform,16,
scenario/scenario_alm-os-da00201.unity3d,CanvasRenderer,9,
scenario/scenario_alm-os-da00201.unity3d,Animator,6,
scenario/scenario_alm-os-da00201.unity3d,PlayableDirector,5,
scenario/scenario_alm-os-da00201.unity3d,AnimationClip,3,
scenario/scenario_alm-os-da00201.unity3d,Camera,2,
scenario/scenario_alm-os-da00201.unity3d,PreloadData,1,
scenario/scenario_alm-os-da00201.unity3d,AssetBundle,1,
scenario/scenario_alm-os-da00201.unity3d,RenderSettings,1,
scenario/scenario_alm-os-da00201.unity3d,LightmapSettings,1,
scenario/scenario_alm-os-da00201.unity3d,NavMeshSettings,1,
scenario/scenario_alm-os-da00201.unity3d,Canvas,1,
scenario/scenario_alm-os-da00201.unity3d,LightingSettings,1,
scenario/scenario_alm-os-ni00201.unity3d,AnimationClip,644,
scenario/scenario_alm-os-ni00201.unity3d,MonoBehaviour,203,
scenario/scenario_alm-os-ni00201.unity3d,GameObject,151,
scenario/scenario_alm-os-ni00201.unity3d,Transform,128,
scenario/scenario_alm-os-ni00201.unity3d,MonoScript,50,
scenario/scenario_alm-os-ni00201.unity3d,MeshRenderer,28,
scenario/scenario_alm-os-ni00201.unity3d,MeshFilter,28,
scenario/scenario_alm-os-ni00201.unity3d,RectTransform,23,
scenario/scenario_alm-os-ni00201.unity3d,Animator,22,
scenario/scenario_alm-os-ni00201.unity3d,CanvasRenderer,12,
scenario/scenario_alm-os-ni00201.unity3d,SpriteRenderer,10,
scenario/scenario_alm-os-ni00201.unity3d,PlayableDirector,8,
scenario/scenario_alm-os-ni00201.unity3d,AnimatorController,5,
scenario/scenario_alm-os-ni00201.unity3d,Material,4,
scenario/scenario_alm-os-ni00201.unity3d,TextAsset,4,
scenario/scenario_alm-os-ni00201.unity3d,BoxCollider,4,
scenario/scenario_alm-os-ni00201.unity3d,Sprite,3,
scenario/scenario_alm-os-ni00201.unity3d,Camera,2,
scenario/scenario_alm-os-ni00201.unity3d,CanvasGroup,2,
scenario/scenario_alm-os-ni00201.unity3d,PreloadData,1,
scenario/scenario_alm-os-ni00201.unity3d,AssetBundle,1,
scenario/scenario_alm-os-ni00201.unity3d,RenderSettings,1,
scenario/scenario_alm-os-ni00201.unity3d,LightmapSettings,1,
scenario/scenario_alm-os-ni00201.unity3d,NavMeshSettings,1,
scenario/scenario_alm-os-ni00201.unity3d,ParticleSystem,1,
scenario/scenario_alm-os-ni00201.unity3d,ParticleSystemRenderer,1,
scenario/scenario_alm-os-ni00201.unity3d,Canvas,1,
scenario/scenario_alm-os-ni00201.unity3d,LightingSettings,1,
scenario/scenario_alm-thea-da00101.unity3d,AnimationClip,491,
scenario/scenario_alm-thea-da00101.unity3d,MonoBehaviour,113,
scenario/scenario_alm-thea-da00101.unity3d,GameObject,105,
scenario/scenario_alm-thea-da00101.unity3d,Transform,81,
scenario/scenario_alm-thea-da00101.unity3d,MonoScript,48,
scenario/scenario_alm-thea-da00101.unity3d,RectTransform,24,
scenario/scenario_alm-thea-da00101.unity3d,Animator,17,
scenario/scenario_alm-thea-da00101.unity3d,CanvasRenderer,14,
scenario/scenario_alm-thea-da00101.unity3d,SpriteRenderer,10,
scenario/scenario_alm-thea-da00101.unity3d,AnimatorController,6,
scenario/scenario_alm-thea-da00101.unity3d,Sprite,5,
scenario/scenario_alm-thea-da00101.unity3d,MeshRenderer,4,
scenario/scenario_alm-thea-da00101.unity3d,MeshFilter,4,
scenario/scenario_alm-thea-da00101.unity3d,PlayableDirector,4,
scenario/scenario_alm-thea-da00101.unity3d,Material,3,
scenario/scenario_alm-thea-da00101.unity3d,TextAsset,3,
scenario/scenario_alm-thea-da00101.unity3d,BoxCollider,3,
scenario/scenario_alm-thea-da00101.unity3d,Camera,2,
scenario/scenario_alm-thea-da00101.unity3d,CanvasGroup,2,
scenario/scenario_alm-thea-da00101.unity3d,PreloadData,1,
scenario/scenario_alm-thea-da00101.unity3d,AssetBundle,1,
scenario/scenario_alm-thea-da00101.unity3d,RenderSettings,1,
scenario/scenario_alm-thea-da00101.unity3d,LightmapSettings,1,
scenario/scenario_alm-thea-da00101.unity3d,NavMeshSettings,1,
scenario/scenario_alm-thea-da00101.unity3d,Canvas,1,
scenario/scenario_alm-thea-da00101.unity3d,LightingSettings,1,
scenario/scenario_battle000_012-spcl.unity3d,AnimationClip,1928,
scenario/scenario_battle000_012-spcl.unity3d,MonoBehaviour,1399,
scenario/scenario_battle000_012-spcl.unity3d,GameObject,800,
scenario/scenario_battle000_012-spcl.unity3d,Transform,779,
scenario/scenario_battle000_012-spcl.unity3d,MeshRenderer,230,
scenario/scenario_battle000_012-spcl.unity3d,MeshFilter,230,
scenario/scenario_battle000_012-spcl.unity3d,ParticleSystem,128,
scenario/scenario_battle000_012-spcl.unity3d,ParticleSystemRenderer,128,
scenario/scenario_battle000_012-spcl.unity3d,Animator,83,
scenario/scenario_battle000_012-spcl.unity3d,SpriteRenderer,59,
scenario/scenario_battle000_012-spcl.unity3d,MonoScript,52,
scenario/scenario_battle000_012-spcl.unity3d,Material,30,
scenario/scenario_battle000_012-spcl.unity3d,RectTransform,21,
scenario/scenario_battle000_012-spcl.unity3d,AnimatorController,20,
scenario/scenario_battle000_012-spcl.unity3d,BoxCollider,19,
scenario/scenario_battle000_012-spcl.unity3d,TextAsset,16,
scenario/scenario_battle000_012-spcl.unity3d,CanvasRenderer,13,
scenario/scenario_battle000_012-spcl.unity3d,PlayableDirector,7,
scenario/scenario_battle000_012-spcl.unity3d,Sprite,2,
scenario/scenario_battle000_012-spcl.unity3d,Camera,2,
scenario/scenario_battle000_012-spcl.unity3d,PreloadData,1,
scenario/scenario_battle000_012-spcl.unity3d,AssetBundle,1,
scenario/scenario_battle000_012-spcl.unity3d,RenderSettings,1,
scenario/scenario_battle000_012-spcl.unity3d,Light,1,
scenario/scenario_battle000_012-spcl.unity3d,LightmapSettings,1,
scenario/scenario_battle000_012-spcl.unity3d,NavMeshSettings,1,
scenario/scenario_battle000_012-spcl.unity3d,Canvas,1,
scenario/scenario_battle000_012-spcl.unity3d,LightingSettings,1,
scenario/scenario_battle000_012.unity3d,AnimationClip,1347,
scenario/scenario_battle000_012.unity3d,MonoBehaviour,709,
scenario/scenario_battle000_012.unity3d,GameObject,426,
scenario/scenario_battle000_012.unity3d,Transform,358,
scenario/scenario_battle000_012.unity3d,ParticleSystem,140,
scenario/scenario_battle000_012.unity3d,ParticleSystemRenderer,140,
scenario/scenario_battle000_012.unity3d,RectTransform,68,
scenario/scenario_battle000_012.unity3d,Material,64,
scenario/scenario_battle000_012.unity3d,MonoScript,64,
scenario/scenario_battle000_012.unity3d,Animator,46,
scenario/scenario_battle000_012.unity3d,CanvasRenderer,40,
scenario/scenario_battle000_012.unity3d,SpriteRenderer,39,
scenario/scenario_battle000_012.unity3d,PlayableDirector,16,
scenario/scenario_battle000_012.unity3d,AnimatorController,14,
scenario/scenario_battle000_012.unity3d,MeshRenderer,11,
scenario/scenario_battle000_012.unity3d,MeshFilter,11,
scenario/scenario_battle000_012.unity3d,BoxCollider,9,
scenario/scenario_battle000_012.unity3d,TextAsset,8,
scenario/scenario_battle000_012.unity3d,Sprite,8,
scenario/scenario_battle000_012.unity3d,CanvasGroup,3,
scenario/scenario_battle000_012.unity3d,Camera,2,
scenario/scenario_battle000_012.unity3d,PreloadData,1,
scenario/scenario_battle000_012.unity3d,AssetBundle,1,
scenario/scenario_battle000_012.unity3d,RenderSettings,1,
scenario/scenario_battle000_012.unity3d,LightmapSettings,1,
scenario/scenario_battle000_012.unity3d,NavMeshSettings,1,
scenario/scenario_battle000_012.unity3d,Canvas,1,
scenario/scenario_battle000_012.unity3d,LightingSettings,1,
scenario/scenario_battle000_019.unity3d,MonoBehaviour,448,
scenario/scenario_battle000_019.unity3d,AnimationClip,375,
scenario/scenario_battle000_019.unity3d,GameObject,156,
scenario/scenario_battle000_019.unity3d,Transform,131,
scenario/scenario_battle000_019.unity3d,MonoScript,82,
scenario/scenario_battle000_019.unity3d,Animator,44,
scenario/scenario_battle000_019.unity3d,RectTransform,25,
scenario/scenario_battle000_019.unity3d,ParticleSystem,23,
scenario/scenario_battle000_019.unity3d,ParticleSystemRenderer,23,
scenario/scenario_battle000_019.unity3d,Material,20,
scenario/scenario_battle000_019.unity3d,MeshRenderer,19,
scenario/scenario_battle000_019.unity3d,MeshFilter,19,
scenario/scenario_battle000_019.unity3d,CanvasRenderer,15,
scenario/scenario_battle000_019.unity3d,SpriteRenderer,9,
scenario/scenario_battle000_019.unity3d,PlayableDirector,8,
scenario/scenario_battle000_019.unity3d,AnimatorController,4,
scenario/scenario_battle000_019.unity3d,Sprite,4,
scenario/scenario_battle000_019.unity3d,CanvasGroup,3,
scenario/scenario_battle000_019.unity3d,TextAsset,2,
scenario/scenario_battle000_019.unity3d,Camera,2,
scenario/scenario_battle000_019.unity3d,BoxCollider,2,
scenario/scenario_battle000_019.unity3d,PreloadData,1,
scenario/scenario_battle000_019.unity3d,AssetBundle,1,
scenario/scenario_battle000_019.unity3d,Mesh,1,
scenario/scenario_battle000_019.unity3d,RenderSettings,1,
scenario/scenario_battle000_019.unity3d,CapsuleCollider,1,
scenario/scenario_battle000_019.unity3d,LightmapSettings,1,
scenario/scenario_battle000_019.unity3d,NavMeshSettings,1,
scenario/scenario_battle000_019.unity3d,Canvas,1,
scenario/scenario_battle000_019.unity3d,LightingSettings,1,
scenario/scenario_battle000_029.unity3d,MonoBehaviour,304,
scenario/scenario_battle000_029.unity3d,AnimationClip,224,
scenario/scenario_battle000_029.unity3d,GameObject,76,
scenario/scenario_battle000_029.unity3d,Transform,70,
scenario/scenario_battle000_029.unity3d,MonoScript,67,
scenario/scenario_battle000_029.unity3d,Animator,13,
scenario/scenario_battle000_029.unity3d,MeshRenderer,8,
scenario/scenario_battle000_029.unity3d,MeshFilter,8,
scenario/scenario_battle000_029.unity3d,SpriteRenderer,7,
scenario/scenario_battle000_029.unity3d,RectTransform,6,
scenario/scenario_battle000_029.unity3d,AnimatorController,4,
scenario/scenario_battle000_029.unity3d,PlayableDirector,4,
scenario/scenario_battle000_029.unity3d,Material,3,
scenario/scenario_battle000_029.unity3d,Camera,3,
scenario/scenario_battle000_029.unity3d,TextAsset,2,
scenario/scenario_battle000_029.unity3d,BoxCollider,2,
scenario/scenario_battle000_029.unity3d,CanvasRenderer,2,
scenario/scenario_battle000_029.unity3d,PreloadData,1,
scenario/scenario_battle000_029.unity3d,AssetBundle,1,
scenario/scenario_battle000_029.unity3d,Sprite,1,
scenario/scenario_battle000_029.unity3d,RenderSettings,1,
scenario/scenario_battle000_029.unity3d,LightmapSettings,1,
scenario/scenario_battle000_029.unity3d,NavMeshSettings,1,
scenario/scenario_battle000_029.unity3d,Canvas,1,
scenario/scenario_battle000_029.unity3d,LightingSettings,1,
scenario/scenario_battle002.unity3d,MonoBehaviour,1447,
scenario/scenario_battle002.unity3d,GameObject,1382,
scenario/scenario_battle002.unity3d,RectTransform,930,
scenario/scenario_battle002.unity3d,CanvasRenderer,717,
scenario/scenario_battle002.unity3d,AnimationClip,662,
scenario/scenario_battle002.unity3d,Transform,452,
scenario/scenario_battle002.unity3d,CanvasGroup,203,
scenario/scenario_battle002.unity3d,MeshRenderer,163,
scenario/scenario_battle002.unity3d,MeshFilter,163,
scenario/scenario_battle002.unity3d,BoxCollider,126,
scenario/scenario_battle002.unity3d,Animator,123,
scenario/scenario_battle002.unity3d,MonoScript,101,
scenario/scenario_battle002.unity3d,Sprite,100,
scenario/scenario_battle002.unity3d,Material,61,
scenario/scenario_battle002.unity3d,ParticleSystem,42,
scenario/scenario_battle002.unity3d,ParticleSystemRenderer,42,
scenario/scenario_battle002.unity3d,PlayableDirector,33,
scenario/scenario_battle002.unity3d,Animation,28,
scenario/scenario_battle002.unity3d,AnimatorController,24,
scenario/scenario_battle002.unity3d,SpriteRenderer,7,
scenario/scenario_battle002.unity3d,MeshCollider,5,
scenario/scenario_battle002.unity3d,Texture2D,4,
scenario/scenario_battle002.unity3d,Light,4,
scenario/scenario_battle002.unity3d,TextAsset,3,
scenario/scenario_battle002.unity3d,Camera,2,
scenario/scenario_battle002.unity3d,PreloadData,1,
scenario/scenario_battle002.unity3d,AssetBundle,1,
scenario/scenario_battle002.unity3d,Mesh,1,
scenario/scenario_battle002.unity3d,LightProbes,1,
scenario/scenario_battle002.unity3d,RenderSettings,1,
scenario/scenario_battle002.unity3d,SkinnedMeshRenderer,1,
scenario/scenario_battle002.unity3d,LightmapSettings,1,
scenario/scenario_battle002.unity3d,NavMeshSettings,1,
scenario/scenario_battle002.unity3d,LightProbeGroup,1,
scenario/scenario_battle002.unity3d,Canvas,1,
scenario/scenario_battle002.unity3d,LightingSettings,1,
scenario/scenario_cave-in-ni01101.unity3d,AnimationClip,809,
scenario/scenario_cave-in-ni01101.unity3d,GameObject,553,
scenario/scenario_cave-in-ni01101.unity3d,Transform,530,
scenario/scenario_cave-in-ni01101.unity3d,MonoBehaviour,490,
scenario/scenario_cave-in-ni01101.unity3d,ParticleSystem,202,
scenario/scenario_cave-in-ni01101.unity3d,ParticleSystemRenderer,202,
scenario/scenario_cave-in-ni01101.unity3d,MeshRenderer,135,
scenario/scenario_cave-in-ni01101.unity3d,MeshFilter,135,
scenario/scenario_cave-in-ni01101.unity3d,Material,85,
scenario/scenario_cave-in-ni01101.unity3d,Animator,77,
scenario/scenario_cave-in-ni01101.unity3d,MonoScript,62,
scenario/scenario_cave-in-ni01101.unity3d,RectTransform,23,
scenario/scenario_cave-in-ni01101.unity3d,SpriteRenderer,18,
scenario/scenario_cave-in-ni01101.unity3d,CanvasRenderer,12,
scenario/scenario_cave-in-ni01101.unity3d,PlayableDirector,11,
scenario/scenario_cave-in-ni01101.unity3d,AnimatorController,8,
scenario/scenario_cave-in-ni01101.unity3d,TextAsset,6,
scenario/scenario_cave-in-ni01101.unity3d,BoxCollider,6,
scenario/scenario_cave-in-ni01101.unity3d,Light,4,
scenario/scenario_cave-in-ni01101.unity3d,Texture2D,3,
scenario/scenario_cave-in-ni01101.unity3d,Sprite,3,
scenario/scenario_cave-in-ni01101.unity3d,Camera,2,
scenario/scenario_cave-in-ni01101.unity3d,CanvasGroup,2,
scenario/scenario_cave-in-ni01101.unity3d,PreloadData,1,
scenario/scenario_cave-in-ni01101.unity3d,AssetBundle,1,
scenario/scenario_cave-in-ni01101.unity3d,AnimatorOverrideController,1,
scenario/scenario_cave-in-ni01101.unity3d,RenderSettings,1,
scenario/scenario_cave-in-ni01101.unity3d,LightmapSettings,1,
scenario/scenario_cave-in-ni01101.unity3d,NavMeshSettings,1,
scenario/scenario_cave-in-ni01101.unity3d,Canvas,1,
scenario/scenario_cave-in-ni01101.unity3d,LightingSettings,1,
scenario/scenario_cave-spcl-co00101.unity3d,AnimationClip,725,
scenario/scenario_cave-spcl-co00101.unity3d,MonoBehaviour,350,
scenario/scenario_cave-spcl-co00101.unity3d,GameObject,151,
scenario/scenario_cave-spcl-co00101.unity3d,Transform,114,
scenario/scenario_cave-spcl-co00101.unity3d,MonoScript,79,
scenario/scenario_cave-spcl-co00101.unity3d,RectTransform,37,
scenario/scenario_cave-spcl-co00101.unity3d,Animator,21,
scenario/scenario_cave-spcl-co00101.unity3d,CanvasRenderer,19,
scenario/scenario_cave-spcl-co00101.unity3d,SpriteRenderer,13,
scenario/scenario_cave-spcl-co00101.unity3d,MeshRenderer,12,
scenario/scenario_cave-spcl-co00101.unity3d,MeshFilter,12,
scenario/scenario_cave-spcl-co00101.unity3d,CanvasGroup,12,
scenario/scenario_cave-spcl-co00101.unity3d,AnimatorController,10,
scenario/scenario_cave-spcl-co00101.unity3d,Material,5,
scenario/scenario_cave-spcl-co00101.unity3d,PlayableDirector,5,
scenario/scenario_cave-spcl-co00101.unity3d,TextAsset,4,
scenario/scenario_cave-spcl-co00101.unity3d,BoxCollider,4,
scenario/scenario_cave-spcl-co00101.unity3d,Camera,2,
scenario/scenario_cave-spcl-co00101.unity3d,PreloadData,1,
scenario/scenario_cave-spcl-co00101.unity3d,AssetBundle,1,
scenario/scenario_cave-spcl-co00101.unity3d,Sprite,1,
scenario/scenario_cave-spcl-co00101.unity3d,RenderSettings,1,
scenario/scenario_cave-spcl-co00101.unity3d,Light,1,
scenario/scenario_cave-spcl-co00101.unity3d,LightmapSettings,1,
scenario/scenario_cave-spcl-co00101.unity3d,NavMeshSettings,1,
scenario/scenario_cave-spcl-co00101.unity3d,ParticleSystem,1,
scenario/scenario_cave-spcl-co00101.unity3d,ParticleSystemRenderer,1,
scenario/scenario_cave-spcl-co00101.unity3d,Canvas,1,
scenario/scenario_cave-spcl-co00101.unity3d,LightingSettings,1,
scenario/scenario_cave-spcl-da00101.unity3d,AnimationClip,725,
scenario/scenario_cave-spcl-da00101.unity3d,MonoBehaviour,293,
scenario/scenario_cave-spcl-da00101.unity3d,GameObject,142,
scenario/scenario_cave-spcl-da00101.unity3d,Transform,105,
scenario/scenario_cave-spcl-da00101.unity3d,MonoScript,71,
scenario/scenario_cave-spcl-da00101.unity3d,RectTransform,37,
scenario/scenario_cave-spcl-da00101.unity3d,CanvasRenderer,19,
scenario/scenario_cave-spcl-da00101.unity3d,Animator,18,
scenario/scenario_cave-spcl-da00101.unity3d,SpriteRenderer,13,
scenario/scenario_cave-spcl-da00101.unity3d,CanvasGroup,12,
scenario/scenario_cave-spcl-da00101.unity3d,AnimatorController,10,
scenario/scenario_cave-spcl-da00101.unity3d,MeshRenderer,6,
scenario/scenario_cave-spcl-da00101.unity3d,MeshFilter,6,
scenario/scenario_cave-spcl-da00101.unity3d,PlayableDirector,5,
scenario/scenario_cave-spcl-da00101.unity3d,Material,4,
scenario/scenario_cave-spcl-da00101.unity3d,TextAsset,4,
scenario/scenario_cave-spcl-da00101.unity3d,BoxCollider,4,
scenario/scenario_cave-spcl-da00101.unity3d,Camera,2,
scenario/scenario_cave-spcl-da00101.unity3d,PreloadData,1,
scenario/scenario_cave-spcl-da00101.unity3d,AssetBundle,1,
scenario/scenario_cave-spcl-da00101.unity3d,Sprite,1,
scenario/scenario_cave-spcl-da00101.unity3d,RenderSettings,1,
scenario/scenario_cave-spcl-da00101.unity3d,Light,1,
scenario/scenario_cave-spcl-da00101.unity3d,LightmapSettings,1,
scenario/scenario_cave-spcl-da00101.unity3d,NavMeshSettings,1,
scenario/scenario_cave-spcl-da00101.unity3d,Canvas,1,
scenario/scenario_cave-spcl-da00101.unity3d,LightingSettings,1,
scenario/scenario_cave-spcl-ni00101.unity3d,AnimationClip,725,
scenario/scenario_cave-spcl-ni00101.unity3d,MonoBehaviour,287,
scenario/scenario_cave-spcl-ni00101.unity3d,GameObject,158,
scenario/scenario_cave-spcl-ni00101.unity3d,Transform,121,
scenario/scenario_cave-spcl-ni00101.unity3d,MonoScript,71,
scenario/scenario_cave-spcl-ni00101.unity3d,RectTransform,37,
scenario/scenario_cave-spcl-ni00101.unity3d,Animator,22,
scenario/scenario_cave-spcl-ni00101.unity3d,CanvasRenderer,19,
scenario/scenario_cave-spcl-ni00101.unity3d,SpriteRenderer,17,
scenario/scenario_cave-spcl-ni00101.unity3d,CanvasGroup,12,
scenario/scenario_cave-spcl-ni00101.unity3d,AnimatorController,10,
scenario/scenario_cave-spcl-ni00101.unity3d,MeshRenderer,10,
scenario/scenario_cave-spcl-ni00101.unity3d,MeshFilter,10,
scenario/scenario_cave-spcl-ni00101.unity3d,Material,6,
scenario/scenario_cave-spcl-ni00101.unity3d,PlayableDirector,5,
scenario/scenario_cave-spcl-ni00101.unity3d,TextAsset,4,
scenario/scenario_cave-spcl-ni00101.unity3d,BoxCollider,4,
scenario/scenario_cave-spcl-ni00101.unity3d,Camera,2,
scenario/scenario_cave-spcl-ni00101.unity3d,Light,2,
scenario/scenario_cave-spcl-ni00101.unity3d,PreloadData,1,
scenario/scenario_cave-spcl-ni00101.unity3d,AssetBundle,1,
scenario/scenario_cave-spcl-ni00101.unity3d,Sprite,1,
scenario/scenario_cave-spcl-ni00101.unity3d,RenderSettings,1,
scenario/scenario_cave-spcl-ni00101.unity3d,LightmapSettings,1,
scenario/scenario_cave-spcl-ni00101.unity3d,NavMeshSettings,1,
scenario/scenario_cave-spcl-ni00101.unity3d,Canvas,1,
scenario/scenario_cave-spcl-ni00101.unity3d,LightingSettings,1,
scenario/scenario_cave-spcl-ni00201-lda.unity3d,AnimationClip,2154,
scenario/scenario_cave-spcl-ni00201-lda.unity3d,MonoBehaviour,738,
scenario/scenario_cave-spcl-ni00201-lda.unity3d,GameObject,443,
scenario/scenario_cave-spcl-ni00201-lda.unity3d,Transform,406,
scenario/scenario_cave-spcl-ni00201-lda.unity3d,MonoScript,80,
scenario/scenario_cave-spcl-ni00201-lda.unity3d,MeshRenderer,60,
scenario/scenario_cave-spcl-ni00201-lda.unity3d,MeshFilter,60,
scenario/scenario_cave-spcl-ni00201-lda.unity3d,Animator,59,
scenario/scenario_cave-spcl-ni00201-lda.unity3d,SpriteRenderer,38,
scenario/scenario_cave-spcl-ni00201-lda.unity3d,RectTransform,37,
scenario/scenario_cave-spcl-ni00201-lda.unity3d,ParticleSystem,29,
scenario/scenario_cave-spcl-ni00201-lda.unity3d,ParticleSystemRenderer,29,
scenario/scenario_cave-spcl-ni00201-lda.unity3d,Material,26,
scenario/scenario_cave-spcl-ni00201-lda.unity3d,AnimatorController,25,
scenario/scenario_cave-spcl-ni00201-lda.unity3d,CanvasRenderer,19,
scenario/scenario_cave-spcl-ni00201-lda.unity3d,TextAsset,14,
scenario/scenario_cave-spcl-ni00201-lda.unity3d,BoxCollider,14,
scenario/scenario_cave-spcl-ni00201-lda.unity3d,CanvasGroup,12,
scenario/scenario_cave-spcl-ni00201-lda.unity3d,PlayableDirector,5,
scenario/scenario_cave-spcl-ni00201-lda.unity3d,Animation,4,
scenario/scenario_cave-spcl-ni00201-lda.unity3d,NavMeshObstacle,4,
scenario/scenario_cave-spcl-ni00201-lda.unity3d,Camera,2,
scenario/scenario_cave-spcl-ni00201-lda.unity3d,Light,2,
scenario/scenario_cave-spcl-ni00201-lda.unity3d,PreloadData,1,
scenario/scenario_cave-spcl-ni00201-lda.unity3d,AssetBundle,1,
scenario/scenario_cave-spcl-ni00201-lda.unity3d,Sprite,1,
scenario/scenario_cave-spcl-ni00201-lda.unity3d,RenderSettings,1,
scenario/scenario_cave-spcl-ni00201-lda.unity3d,LightmapSettings,1,
scenario/scenario_cave-spcl-ni00201-lda.unity3d,NavMeshSettings,1,
scenario/scenario_cave-spcl-ni00201-lda.unity3d,Canvas,1,
scenario/scenario_cave-spcl-ni00201-lda.unity3d,LightingSettings,1,
scenario/scenario_cg.unity3d,MonoBehaviour,2407,
scenario/scenario_cg.unity3d,GameObject,1414,
scenario/scenario_cg.unity3d,RectTransform,1373,
scenario/scenario_cg.unity3d,CanvasRenderer,844,
scenario/scenario_cg.unity3d,MonoScript,46,
scenario/scenario_cg.unity3d,Transform,41,
scenario/scenario_cg.unity3d,CanvasGroup,30,
scenario/scenario_cg.unity3d,Sprite,26,
scenario/scenario_cg.unity3d,Animator,18,
scenario/scenario_cg.unity3d,PlayableDirector,17,
scenario/scenario_cg.unity3d,VideoPlayer,16,
scenario/scenario_cg.unity3d,Texture2D,7,
scenario/scenario_cg.unity3d,AnimationClip,3,
scenario/scenario_cg.unity3d,Material,2,
scenario/scenario_cg.unity3d,AnimatorController,2,
scenario/scenario_cg.unity3d,Camera,2,
scenario/scenario_cg.unity3d,MeshRenderer,2,
scenario/scenario_cg.unity3d,MeshFilter,2,
scenario/scenario_cg.unity3d,PreloadData,1,
scenario/scenario_cg.unity3d,AssetBundle,1,
scenario/scenario_cg.unity3d,RenderTexture,1,
scenario/scenario_cg.unity3d,MeshCollider,1,
scenario/scenario_cg.unity3d,RenderSettings,1,
scenario/scenario_cg.unity3d,LightmapSettings,1,
scenario/scenario_cg.unity3d,NavMeshSettings,1,
scenario/scenario_cg.unity3d,Canvas,1,
scenario/scenario_cg.unity3d,LightingSettings,1,
scenario/scenario_city-ca-da01901.unity3d,AnimationClip,3147,
scenario/scenario_city-ca-da01901.unity3d,MonoBehaviour,3074,
scenario/scenario_city-ca-da01901.unity3d,GameObject,2480,
scenario/scenario_city-ca-da01901.unity3d,Transform,2081,
scenario/scenario_city-ca-da01901.unity3d,RectTransform,399,
scenario/scenario_city-ca-da01901.unity3d,Animator,350,
scenario/scenario_city-ca-da01901.unity3d,CanvasRenderer,280,
scenario/scenario_city-ca-da01901.unity3d,MeshRenderer,247,
scenario/scenario_city-ca-da01901.unity3d,MeshFilter,247,
scenario/scenario_city-ca-da01901.unity3d,SpriteRenderer,222,
scenario/scenario_city-ca-da01901.unity3d,BoxCollider,96,
scenario/scenario_city-ca-da01901.unity3d,MonoScript,86,
scenario/scenario_city-ca-da01901.unity3d,AnimatorController,45,
scenario/scenario_city-ca-da01901.unity3d,TextAsset,35,
scenario/scenario_city-ca-da01901.unity3d,ParticleSystem,11,
scenario/scenario_city-ca-da01901.unity3d,ParticleSystemRenderer,11,
scenario/scenario_city-ca-da01901.unity3d,Material,9,
scenario/scenario_city-ca-da01901.unity3d,Sprite,7,
scenario/scenario_city-ca-da01901.unity3d,PlayableDirector,6,
scenario/scenario_city-ca-da01901.unity3d,Camera,2,
scenario/scenario_city-ca-da01901.unity3d,CanvasGroup,2,
scenario/scenario_city-ca-da01901.unity3d,PreloadData,1,
scenario/scenario_city-ca-da01901.unity3d,AssetBundle,1,
scenario/scenario_city-ca-da01901.unity3d,RenderSettings,1,
scenario/scenario_city-ca-da01901.unity3d,Light,1,
scenario/scenario_city-ca-da01901.unity3d,LightmapSettings,1,
scenario/scenario_city-ca-da01901.unity3d,NavMeshSettings,1,
scenario/scenario_city-ca-da01901.unity3d,Canvas,1,
scenario/scenario_city-ca-da01901.unity3d,LightingSettings,1,
scenario/scenario_city-ca-da02001.unity3d,AnimationClip,3779,
scenario/scenario_city-ca-da02001.unity3d,MonoBehaviour,2110,
scenario/scenario_city-ca-da02001.unity3d,GameObject,1348,
scenario/scenario_city-ca-da02001.unity3d,Transform,1224,
scenario/scenario_city-ca-da02001.unity3d,Animator,139,
scenario/scenario_city-ca-da02001.unity3d,SpriteRenderer,129,
scenario/scenario_city-ca-da02001.unity3d,RectTransform,124,
scenario/scenario_city-ca-da02001.unity3d,MeshRenderer,108,
scenario/scenario_city-ca-da02001.unity3d,MeshFilter,108,
scenario/scenario_city-ca-da02001.unity3d,MonoScript,84,
scenario/scenario_city-ca-da02001.unity3d,CanvasRenderer,82,
scenario/scenario_city-ca-da02001.unity3d,BoxCollider,59,
scenario/scenario_city-ca-da02001.unity3d,AnimatorController,44,
scenario/scenario_city-ca-da02001.unity3d,TextAsset,40,
scenario/scenario_city-ca-da02001.unity3d,CanvasGroup,12,
scenario/scenario_city-ca-da02001.unity3d,PlayableDirector,7,
scenario/scenario_city-ca-da02001.unity3d,Material,4,
scenario/scenario_city-ca-da02001.unity3d,Sprite,3,
scenario/scenario_city-ca-da02001.unity3d,Camera,2,
scenario/scenario_city-ca-da02001.unity3d,Light,2,
scenario/scenario_city-ca-da02001.unity3d,PreloadData,1,
scenario/scenario_city-ca-da02001.unity3d,AssetBundle,1,
scenario/scenario_city-ca-da02001.unity3d,AnimatorOverrideController,1,
scenario/scenario_city-ca-da02001.unity3d,RenderSettings,1,
scenario/scenario_city-ca-da02001.unity3d,LightmapSettings,1,
scenario/scenario_city-ca-da02001.unity3d,NavMeshSettings,1,
scenario/scenario_city-ca-da02001.unity3d,Canvas,1,
scenario/scenario_city-ca-da02001.unity3d,LightingSettings,1,
scenario/scenario_city-ca-da02301.unity3d,AnimationClip,382,
scenario/scenario_city-ca-da02301.unity3d,MonoBehaviour,204,
scenario/scenario_city-ca-da02301.unity3d,GameObject,161,
scenario/scenario_city-ca-da02301.unity3d,RectTransform,91,
scenario/scenario_city-ca-da02301.unity3d,Transform,70,
scenario/scenario_city-ca-da02301.unity3d,CanvasRenderer,61,
scenario/scenario_city-ca-da02301.unity3d,MonoScript,55,
scenario/scenario_city-ca-da02301.unity3d,Animator,33,
scenario/scenario_city-ca-da02301.unity3d,SpriteRenderer,7,
scenario/scenario_city-ca-da02301.unity3d,AnimatorController,6,
scenario/scenario_city-ca-da02301.unity3d,PlayableDirector,6,
scenario/scenario_city-ca-da02301.unity3d,Material,5,
scenario/scenario_city-ca-da02301.unity3d,Sprite,5,
scenario/scenario_city-ca-da02301.unity3d,MeshRenderer,4,
scenario/scenario_city-ca-da02301.unity3d,MeshFilter,4,
scenario/scenario_city-ca-da02301.unity3d,BoxCollider,3,
scenario/scenario_city-ca-da02301.unity3d,TextAsset,2,
scenario/scenario_city-ca-da02301.unity3d,Camera,2,
scenario/scenario_city-ca-da02301.unity3d,CanvasGroup,2,
scenario/scenario_city-ca-da02301.unity3d,PreloadData,1,
scenario/scenario_city-ca-da02301.unity3d,AssetBundle,1,
scenario/scenario_city-ca-da02301.unity3d,RenderSettings,1,
scenario/scenario_city-ca-da02301.unity3d,LightmapSettings,1,
scenario/scenario_city-ca-da02301.unity3d,NavMeshSettings,1,
scenario/scenario_city-ca-da02301.unity3d,ParticleSystem,1,
scenario/scenario_city-ca-da02301.unity3d,ParticleSystemRenderer,1,
scenario/scenario_city-ca-da02301.unity3d,Canvas,1,
scenario/scenario_city-ca-da02301.unity3d,LightingSettings,1,
scenario/scenario_city-ca-du00301.unity3d,MonoBehaviour,363,
scenario/scenario_city-ca-du00301.unity3d,GameObject,220,
scenario/scenario_city-ca-du00301.unity3d,AnimationClip,192,
scenario/scenario_city-ca-du00301.unity3d,RectTransform,151,
scenario/scenario_city-ca-du00301.unity3d,CanvasRenderer,106,
scenario/scenario_city-ca-du00301.unity3d,MonoScript,71,
scenario/scenario_city-ca-du00301.unity3d,Transform,69,
scenario/scenario_city-ca-du00301.unity3d,Animator,53,
scenario/scenario_city-ca-du00301.unity3d,MeshRenderer,12,
scenario/scenario_city-ca-du00301.unity3d,MeshFilter,12,
scenario/scenario_city-ca-du00301.unity3d,Sprite,5,
scenario/scenario_city-ca-du00301.unity3d,SpriteRenderer,4,
scenario/scenario_city-ca-du00301.unity3d,Material,3,
scenario/scenario_city-ca-du00301.unity3d,AnimatorController,3,
scenario/scenario_city-ca-du00301.unity3d,BoxCollider,3,
scenario/scenario_city-ca-du00301.unity3d,PlayableDirector,3,
scenario/scenario_city-ca-du00301.unity3d,TextAsset,2,
scenario/scenario_city-ca-du00301.unity3d,Camera,2,
scenario/scenario_city-ca-du00301.unity3d,PreloadData,1,
scenario/scenario_city-ca-du00301.unity3d,AssetBundle,1,
scenario/scenario_city-ca-du00301.unity3d,RenderSettings,1,
scenario/scenario_city-ca-du00301.unity3d,LightmapSettings,1,
scenario/scenario_city-ca-du00301.unity3d,NavMeshSettings,1,
scenario/scenario_city-ca-du00301.unity3d,Canvas,1,
scenario/scenario_city-ca-du00301.unity3d,LightingSettings,1,
scenario/scenario_city-ca-ni02201.unity3d,AnimationClip,915,
scenario/scenario_city-ca-ni02201.unity3d,MonoBehaviour,618,
scenario/scenario_city-ca-ni02201.unity3d,GameObject,412,
scenario/scenario_city-ca-ni02201.unity3d,Transform,369,
scenario/scenario_city-ca-ni02201.unity3d,MeshRenderer,148,
scenario/scenario_city-ca-ni02201.unity3d,MeshFilter,148,
scenario/scenario_city-ca-ni02201.unity3d,MonoScript,70,
scenario/scenario_city-ca-ni02201.unity3d,Animator,47,
scenario/scenario_city-ca-ni02201.unity3d,RectTransform,43,
scenario/scenario_city-ca-ni02201.unity3d,SpriteRenderer,28,
scenario/scenario_city-ca-ni02201.unity3d,CanvasRenderer,28,
scenario/scenario_city-ca-ni02201.unity3d,AnimatorController,13,
scenario/scenario_city-ca-ni02201.unity3d,BoxCollider,10,
scenario/scenario_city-ca-ni02201.unity3d,TextAsset,8,
scenario/scenario_city-ca-ni02201.unity3d,PlayableDirector,8,
scenario/scenario_city-ca-ni02201.unity3d,Sprite,6,
scenario/scenario_city-ca-ni02201.unity3d,Material,4,
scenario/scenario_city-ca-ni02201.unity3d,Camera,2,
scenario/scenario_city-ca-ni02201.unity3d,CanvasGroup,2,
scenario/scenario_city-ca-ni02201.unity3d,PreloadData,1,
scenario/scenario_city-ca-ni02201.unity3d,AssetBundle,1,
scenario/scenario_city-ca-ni02201.unity3d,RenderSettings,1,
scenario/scenario_city-ca-ni02201.unity3d,LightmapSettings,1,
scenario/scenario_city-ca-ni02201.unity3d,NavMeshSettings,1,
scenario/scenario_city-ca-ni02201.unity3d,ParticleSystem,1,
scenario/scenario_city-ca-ni02201.unity3d,ParticleSystemRenderer,1,
scenario/scenario_city-ca-ni02201.unity3d,Canvas,1,
scenario/scenario_city-ca-ni02201.unity3d,LightingSettings,1,
scenario/scenario_city-cp-da00101.unity3d,AnimationClip,751,
scenario/scenario_city-cp-da00101.unity3d,GameObject,105,
scenario/scenario_city-cp-da00101.unity3d,MonoBehaviour,101,
scenario/scenario_city-cp-da00101.unity3d,Transform,95,
scenario/scenario_city-cp-da00101.unity3d,MonoScript,49,
scenario/scenario_city-cp-da00101.unity3d,Animator,11,
scenario/scenario_city-cp-da00101.unity3d,RectTransform,10,
scenario/scenario_city-cp-da00101.unity3d,SpriteRenderer,8,
scenario/scenario_city-cp-da00101.unity3d,MeshRenderer,6,
scenario/scenario_city-cp-da00101.unity3d,MeshFilter,6,
scenario/scenario_city-cp-da00101.unity3d,CanvasRenderer,6,
scenario/scenario_city-cp-da00101.unity3d,BoxCollider,5,
scenario/scenario_city-cp-da00101.unity3d,TextAsset,4,
scenario/scenario_city-cp-da00101.unity3d,AnimatorController,4,
scenario/scenario_city-cp-da00101.unity3d,Material,3,
scenario/scenario_city-cp-da00101.unity3d,Camera,2,
scenario/scenario_city-cp-da00101.unity3d,PlayableDirector,2,
scenario/scenario_city-cp-da00101.unity3d,PreloadData,1,
scenario/scenario_city-cp-da00101.unity3d,AssetBundle,1,
scenario/scenario_city-cp-da00101.unity3d,Sprite,1,
scenario/scenario_city-cp-da00101.unity3d,RenderSettings,1,
scenario/scenario_city-cp-da00101.unity3d,LightmapSettings,1,
scenario/scenario_city-cp-da00101.unity3d,NavMeshSettings,1,
scenario/scenario_city-cp-da00101.unity3d,Canvas,1,
scenario/scenario_city-cp-da00101.unity3d,LightingSettings,1,
scenario/scenario_city-os-da00101-00.unity3d,AnimationClip,2700,
scenario/scenario_city-os-da00101-00.unity3d,GameObject,1861,
scenario/scenario_city-os-da00101-00.unity3d,MonoBehaviour,1731,
scenario/scenario_city-os-da00101-00.unity3d,Transform,1697,
scenario/scenario_city-os-da00101-00.unity3d,Animator,217,
scenario/scenario_city-os-da00101-00.unity3d,SpriteRenderer,171,
scenario/scenario_city-os-da00101-00.unity3d,RectTransform,164,
scenario/scenario_city-os-da00101-00.unity3d,MeshRenderer,122,
scenario/scenario_city-os-da00101-00.unity3d,MeshFilter,122,
scenario/scenario_city-os-da00101-00.unity3d,CanvasRenderer,114,
scenario/scenario_city-os-da00101-00.unity3d,MonoScript,89,
scenario/scenario_city-os-da00101-00.unity3d,BoxCollider,86,
scenario/scenario_city-os-da00101-00.unity3d,AnimatorController,59,
scenario/scenario_city-os-da00101-00.unity3d,TextAsset,53,
scenario/scenario_city-os-da00101-00.unity3d,Material,10,
scenario/scenario_city-os-da00101-00.unity3d,Sprite,5,
scenario/scenario_city-os-da00101-00.unity3d,PlayableDirector,5,
scenario/scenario_city-os-da00101-00.unity3d,Camera,2,
scenario/scenario_city-os-da00101-00.unity3d,CanvasGroup,2,
scenario/scenario_city-os-da00101-00.unity3d,PreloadData,1,
scenario/scenario_city-os-da00101-00.unity3d,AssetBundle,1,
scenario/scenario_city-os-da00101-00.unity3d,Mesh,1,
scenario/scenario_city-os-da00101-00.unity3d,RenderSettings,1,
scenario/scenario_city-os-da00101-00.unity3d,Light,1,
scenario/scenario_city-os-da00101-00.unity3d,LightmapSettings,1,
scenario/scenario_city-os-da00101-00.unity3d,NavMeshSettings,1,
scenario/scenario_city-os-da00101-00.unity3d,Canvas,1,
scenario/scenario_city-os-da00101-00.unity3d,LightingSettings,1,
scenario/scenario_city-os-da00401.unity3d,AnimationClip,1264,
scenario/scenario_city-os-da00401.unity3d,GameObject,1114,
scenario/scenario_city-os-da00401.unity3d,Transform,1062,
scenario/scenario_city-os-da00401.unity3d,MonoBehaviour,892,
scenario/scenario_city-os-da00401.unity3d,Animator,126,
scenario/scenario_city-os-da00401.unity3d,SpriteRenderer,113,
scenario/scenario_city-os-da00401.unity3d,MonoScript,70,
scenario/scenario_city-os-da00401.unity3d,MeshRenderer,55,
scenario/scenario_city-os-da00401.unity3d,MeshFilter,55,
scenario/scenario_city-os-da00401.unity3d,BoxCollider,54,
scenario/scenario_city-os-da00401.unity3d,RectTransform,52,
scenario/scenario_city-os-da00401.unity3d,CanvasRenderer,34,
scenario/scenario_city-os-da00401.unity3d,AnimatorController,21,
scenario/scenario_city-os-da00401.unity3d,TextAsset,16,
scenario/scenario_city-os-da00401.unity3d,Sprite,6,
scenario/scenario_city-os-da00401.unity3d,PlayableDirector,6,
scenario/scenario_city-os-da00401.unity3d,Material,5,
scenario/scenario_city-os-da00401.unity3d,Camera,2,
scenario/scenario_city-os-da00401.unity3d,CanvasGroup,2,
scenario/scenario_city-os-da00401.unity3d,PreloadData,1,
scenario/scenario_city-os-da00401.unity3d,AssetBundle,1,
scenario/scenario_city-os-da00401.unity3d,RenderSettings,1,
scenario/scenario_city-os-da00401.unity3d,LightmapSettings,1,
scenario/scenario_city-os-da00401.unity3d,NavMeshSettings,1,
scenario/scenario_city-os-da00401.unity3d,ParticleSystem,1,
scenario/scenario_city-os-da00401.unity3d,ParticleSystemRenderer,1,
scenario/scenario_city-os-da00401.unity3d,Canvas,1,
scenario/scenario_city-os-da00401.unity3d,LightingSettings,1,
scenario/scenario_city-os-da00501.unity3d,AnimationClip,828,
scenario/scenario_city-os-da00501.unity3d,MonoBehaviour,258,
scenario/scenario_city-os-da00501.unity3d,GameObject,158,
scenario/scenario_city-os-da00501.unity3d,Transform,144,
scenario/scenario_city-os-da00501.unity3d,MonoScript,67,
scenario/scenario_city-os-da00501.unity3d,Animator,22,
scenario/scenario_city-os-da00501.unity3d,SpriteRenderer,14,
scenario/scenario_city-os-da00501.unity3d,RectTransform,14,
scenario/scenario_city-os-da00501.unity3d,Material,10,
scenario/scenario_city-os-da00501.unity3d,MeshRenderer,9,
scenario/scenario_city-os-da00501.unity3d,MeshFilter,9,
scenario/scenario_city-os-da00501.unity3d,CanvasRenderer,8,
scenario/scenario_city-os-da00501.unity3d,AnimatorController,7,
scenario/scenario_city-os-da00501.unity3d,ParticleSystem,7,
scenario/scenario_city-os-da00501.unity3d,ParticleSystemRenderer,7,
scenario/scenario_city-os-da00501.unity3d,BoxCollider,6,
scenario/scenario_city-os-da00501.unity3d,PlayableDirector,5,
scenario/scenario_city-os-da00501.unity3d,TextAsset,4,
scenario/scenario_city-os-da00501.unity3d,Camera,2,
scenario/scenario_city-os-da00501.unity3d,PreloadData,1,
scenario/scenario_city-os-da00501.unity3d,AssetBundle,1,
scenario/scenario_city-os-da00501.unity3d,Sprite,1,
scenario/scenario_city-os-da00501.unity3d,RenderSettings,1,
scenario/scenario_city-os-da00501.unity3d,LightmapSettings,1,
scenario/scenario_city-os-da00501.unity3d,NavMeshSettings,1,
scenario/scenario_city-os-da00501.unity3d,Canvas,1,
scenario/scenario_city-os-da00501.unity3d,LightingSettings,1,
scenario/scenario_city-os-da00701.unity3d,MonoBehaviour,2267,
scenario/scenario_city-os-da00701.unity3d,AnimationClip,2236,
scenario/scenario_city-os-da00701.unity3d,GameObject,1656,
scenario/scenario_city-os-da00701.unity3d,Transform,1549,
scenario/scenario_city-os-da00701.unity3d,Animator,207,
scenario/scenario_city-os-da00701.unity3d,SpriteRenderer,161,
scenario/scenario_city-os-da00701.unity3d,RectTransform,107,
scenario/scenario_city-os-da00701.unity3d,ParticleSystem,101,
scenario/scenario_city-os-da00701.unity3d,ParticleSystemRenderer,101,
scenario/scenario_city-os-da00701.unity3d,MonoScript,82,
scenario/scenario_city-os-da00701.unity3d,MeshRenderer,79,
scenario/scenario_city-os-da00701.unity3d,MeshFilter,79,
scenario/scenario_city-os-da00701.unity3d,BoxCollider,73,
scenario/scenario_city-os-da00701.unity3d,CanvasRenderer,72,
scenario/scenario_city-os-da00701.unity3d,Material,43,
scenario/scenario_city-os-da00701.unity3d,AnimatorController,27,
scenario/scenario_city-os-da00701.unity3d,PlayableDirector,20,
scenario/scenario_city-os-da00701.unity3d,TextAsset,17,
scenario/scenario_city-os-da00701.unity3d,Sprite,7,
scenario/scenario_city-os-da00701.unity3d,Light,5,
scenario/scenario_city-os-da00701.unity3d,Camera,2,
scenario/scenario_city-os-da00701.unity3d,MeshCollider,2,
scenario/scenario_city-os-da00701.unity3d,CanvasGroup,2,
scenario/scenario_city-os-da00701.unity3d,PreloadData,1,
scenario/scenario_city-os-da00701.unity3d,AssetBundle,1,
scenario/scenario_city-os-da00701.unity3d,Mesh,1,
scenario/scenario_city-os-da00701.unity3d,RenderSettings,1,
scenario/scenario_city-os-da00701.unity3d,LightmapSettings,1,
scenario/scenario_city-os-da00701.unity3d,NavMeshSettings,1,
scenario/scenario_city-os-da00701.unity3d,Canvas,1,
scenario/scenario_city-os-da00701.unity3d,LightingSettings,1,
scenario/scenario_city-os-da00801.unity3d,MonoBehaviour,2083,
scenario/scenario_city-os-da00801.unity3d,AnimationClip,1920,
scenario/scenario_city-os-da00801.unity3d,GameObject,1713,
scenario/scenario_city-os-da00801.unity3d,Transform,1445,
scenario/scenario_city-os-da00801.unity3d,RectTransform,268,
scenario/scenario_city-os-da00801.unity3d,Animator,240,
scenario/scenario_city-os-da00801.unity3d,CanvasRenderer,184,
scenario/scenario_city-os-da00801.unity3d,SpriteRenderer,167,
scenario/scenario_city-os-da00801.unity3d,MonoScript,83,
scenario/scenario_city-os-da00801.unity3d,MeshRenderer,76,
scenario/scenario_city-os-da00801.unity3d,MeshFilter,76,
scenario/scenario_city-os-da00801.unity3d,BoxCollider,73,
scenario/scenario_city-os-da00801.unity3d,AnimatorController,31,
scenario/scenario_city-os-da00801.unity3d,Sprite,23,
scenario/scenario_city-os-da00801.unity3d,TextAsset,22,
scenario/scenario_city-os-da00801.unity3d,PlayableDirector,8,
scenario/scenario_city-os-da00801.unity3d,Material,7,
scenario/scenario_city-os-da00801.unity3d,CanvasGroup,4,
scenario/scenario_city-os-da00801.unity3d,Camera,2,
scenario/scenario_city-os-da00801.unity3d,PreloadData,1,
scenario/scenario_city-os-da00801.unity3d,AssetBundle,1,
scenario/scenario_city-os-da00801.unity3d,Texture2D,1,
scenario/scenario_city-os-da00801.unity3d,RenderSettings,1,
scenario/scenario_city-os-da00801.unity3d,LightmapSettings,1,
scenario/scenario_city-os-da00801.unity3d,NavMeshSettings,1,
scenario/scenario_city-os-da00801.unity3d,Canvas,1,
scenario/scenario_city-os-da00801.unity3d,LightingSettings,1,
scenario/scenario_city-os-da00901.unity3d,AnimationClip,958,
scenario/scenario_city-os-da00901.unity3d,MonoBehaviour,199,
scenario/scenario_city-os-da00901.unity3d,GameObject,190,
scenario/scenario_city-os-da00901.unity3d,Transform,146,
scenario/scenario_city-os-da00901.unity3d,MonoScript,56,
scenario/scenario_city-os-da00901.unity3d,RectTransform,44,
scenario/scenario_city-os-da00901.unity3d,Animator,23,
scenario/scenario_city-os-da00901.unity3d,CanvasRenderer,22,
scenario/scenario_city-os-da00901.unity3d,SpriteRenderer,15,
scenario/scenario_city-os-da00901.unity3d,CanvasGroup,14,
scenario/scenario_city-os-da00901.unity3d,AnimatorController,8,
scenario/scenario_city-os-da00901.unity3d,MeshRenderer,7,
scenario/scenario_city-os-da00901.unity3d,MeshFilter,7,
scenario/scenario_city-os-da00901.unity3d,BoxCollider,6,
scenario/scenario_city-os-da00901.unity3d,PlayableDirector,6,
scenario/scenario_city-os-da00901.unity3d,TextAsset,5,
scenario/scenario_city-os-da00901.unity3d,Material,3,
scenario/scenario_city-os-da00901.unity3d,Sprite,3,
scenario/scenario_city-os-da00901.unity3d,Camera,2,
scenario/scenario_city-os-da00901.unity3d,PreloadData,1,
scenario/scenario_city-os-da00901.unity3d,AssetBundle,1,
scenario/scenario_city-os-da00901.unity3d,RenderSettings,1,
scenario/scenario_city-os-da00901.unity3d,LightmapSettings,1,
scenario/scenario_city-os-da00901.unity3d,NavMeshSettings,1,
scenario/scenario_city-os-da00901.unity3d,Canvas,1,
scenario/scenario_city-os-da00901.unity3d,LightingSettings,1,
scenario/scenario_city-os-da01501.unity3d,AnimationClip,1485,
scenario/scenario_city-os-da01501.unity3d,MonoBehaviour,830,
scenario/scenario_city-os-da01501.unity3d,GameObject,821,
scenario/scenario_city-os-da01501.unity3d,Transform,769,
scenario/scenario_city-os-da01501.unity3d,Animator,99,
scenario/scenario_city-os-da01501.unity3d,SpriteRenderer,81,
scenario/scenario_city-os-da01501.unity3d,MonoScript,70,
scenario/scenario_city-os-da01501.unity3d,RectTransform,52,
scenario/scenario_city-os-da01501.unity3d,MeshRenderer,39,
scenario/scenario_city-os-da01501.unity3d,MeshFilter,39,
scenario/scenario_city-os-da01501.unity3d,BoxCollider,39,
scenario/scenario_city-os-da01501.unity3d,CanvasRenderer,34,
scenario/scenario_city-os-da01501.unity3d,AnimatorController,17,
scenario/scenario_city-os-da01501.unity3d,TextAsset,15,
scenario/scenario_city-os-da01501.unity3d,Sprite,5,
scenario/scenario_city-os-da01501.unity3d,PlayableDirector,4,
scenario/scenario_city-os-da01501.unity3d,Material,2,
scenario/scenario_city-os-da01501.unity3d,Camera,2,
scenario/scenario_city-os-da01501.unity3d,CanvasGroup,2,
scenario/scenario_city-os-da01501.unity3d,PreloadData,1,
scenario/scenario_city-os-da01501.unity3d,AssetBundle,1,
scenario/scenario_city-os-da01501.unity3d,RenderSettings,1,
scenario/scenario_city-os-da01501.unity3d,LightmapSettings,1,
scenario/scenario_city-os-da01501.unity3d,NavMeshSettings,1,
scenario/scenario_city-os-da01501.unity3d,Canvas,1,
scenario/scenario_city-os-da01501.unity3d,LightingSettings,1,
scenario/scenario_city-os-da01601.unity3d,MonoBehaviour,45,
scenario/scenario_city-os-da01601.unity3d,MonoScript,33,
scenario/scenario_city-os-da01601.unity3d,GameObject,25,
scenario/scenario_city-os-da01601.unity3d,Transform,15,
scenario/scenario_city-os-da01601.unity3d,RectTransform,10,
scenario/scenario_city-os-da01601.unity3d,CanvasRenderer,6,
scenario/scenario_city-os-da01601.unity3d,Animator,5,
scenario/scenario_city-os-da01601.unity3d,AnimationClip,2,
scenario/scenario_city-os-da01601.unity3d,Camera,2,
scenario/scenario_city-os-da01601.unity3d,MeshRenderer,2,
scenario/scenario_city-os-da01601.unity3d,MeshFilter,2,
scenario/scenario_city-os-da01601.unity3d,PlayableDirector,2,
scenario/scenario_city-os-da01601.unity3d,PreloadData,1,
scenario/scenario_city-os-da01601.unity3d,AssetBundle,1,
scenario/scenario_city-os-da01601.unity3d,Material,1,
scenario/scenario_city-os-da01601.unity3d,RenderSettings,1,
scenario/scenario_city-os-da01601.unity3d,LightmapSettings,1,
scenario/scenario_city-os-da01601.unity3d,NavMeshSettings,1,
scenario/scenario_city-os-da01601.unity3d,Canvas,1,
scenario/scenario_city-os-da01601.unity3d,LightingSettings,1,
scenario/scenario_city-os-da01701.unity3d,AnimationClip,480,
scenario/scenario_city-os-da01701.unity3d,GameObject,121,
scenario/scenario_city-os-da01701.unity3d,Transform,111,
scenario/scenario_city-os-da01701.unity3d,MonoBehaviour,108,
scenario/scenario_city-os-da01701.unity3d,MonoScript,38,
scenario/scenario_city-os-da01701.unity3d,Animator,33,
scenario/scenario_city-os-da01701.unity3d,MeshRenderer,26,
scenario/scenario_city-os-da01701.unity3d,MeshFilter,26,
scenario/scenario_city-os-da01701.unity3d,SpriteRenderer,13,
scenario/scenario_city-os-da01701.unity3d,RectTransform,10,
scenario/scenario_city-os-da01701.unity3d,CanvasRenderer,6,
scenario/scenario_city-os-da01701.unity3d,AnimatorController,5,
scenario/scenario_city-os-da01701.unity3d,Material,4,
scenario/scenario_city-os-da01701.unity3d,TextAsset,3,
scenario/scenario_city-os-da01701.unity3d,BoxCollider,3,
scenario/scenario_city-os-da01701.unity3d,PlayableDirector,3,
scenario/scenario_city-os-da01701.unity3d,Camera,2,
scenario/scenario_city-os-da01701.unity3d,PreloadData,1,
scenario/scenario_city-os-da01701.unity3d,AssetBundle,1,
scenario/scenario_city-os-da01701.unity3d,Sprite,1,
scenario/scenario_city-os-da01701.unity3d,RenderSettings,1,
scenario/scenario_city-os-da01701.unity3d,LightmapSettings,1,
scenario/scenario_city-os-da01701.unity3d,NavMeshSettings,1,
scenario/scenario_city-os-da01701.unity3d,Canvas,1,
scenario/scenario_city-os-da01701.unity3d,LightingSettings,1,
scenario/scenario_city-os-da01702.unity3d,AnimationClip,598,
scenario/scenario_city-os-da01702.unity3d,GameObject,138,
scenario/scenario_city-os-da01702.unity3d,Transform,128,
scenario/scenario_city-os-da01702.unity3d,MonoBehaviour,100,
scenario/scenario_city-os-da01702.unity3d,MeshRenderer,46,
scenario/scenario_city-os-da01702.unity3d,MeshFilter,46,
scenario/scenario_city-os-da01702.unity3d,MonoScript,38,
scenario/scenario_city-os-da01702.unity3d,Animator,33,
scenario/scenario_city-os-da01702.unity3d,SpriteRenderer,10,
scenario/scenario_city-os-da01702.unity3d,RectTransform,10,
scenario/scenario_city-os-da01702.unity3d,CanvasRenderer,6,
scenario/scenario_city-os-da01702.unity3d,AnimatorController,5,
scenario/scenario_city-os-da01702.unity3d,Material,4,
scenario/scenario_city-os-da01702.unity3d,TextAsset,3,
scenario/scenario_city-os-da01702.unity3d,BoxCollider,3,
scenario/scenario_city-os-da01702.unity3d,PlayableDirector,3,
scenario/scenario_city-os-da01702.unity3d,Sprite,2,
scenario/scenario_city-os-da01702.unity3d,Camera,2,
scenario/scenario_city-os-da01702.unity3d,PreloadData,1,
scenario/scenario_city-os-da01702.unity3d,AssetBundle,1,
scenario/scenario_city-os-da01702.unity3d,Texture2D,1,
scenario/scenario_city-os-da01702.unity3d,RenderSettings,1,
scenario/scenario_city-os-da01702.unity3d,LightmapSettings,1,
scenario/scenario_city-os-da01702.unity3d,NavMeshSettings,1,
scenario/scenario_city-os-da01702.unity3d,Canvas,1,
scenario/scenario_city-os-da01702.unity3d,LightingSettings,1,
scenario/scenario_city-os-du00501.unity3d,AnimationClip,1839,
scenario/scenario_city-os-du00501.unity3d,MonoBehaviour,796,
scenario/scenario_city-os-du00501.unity3d,GameObject,427,
scenario/scenario_city-os-du00501.unity3d,Transform,406,
scenario/scenario_city-os-du00501.unity3d,MeshRenderer,82,
scenario/scenario_city-os-du00501.unity3d,MeshFilter,82,
scenario/scenario_city-os-du00501.unity3d,MonoScript,78,
scenario/scenario_city-os-du00501.unity3d,Animator,64,
scenario/scenario_city-os-du00501.unity3d,SpriteRenderer,41,
scenario/scenario_city-os-du00501.unity3d,RectTransform,21,
scenario/scenario_city-os-du00501.unity3d,BoxCollider,15,
scenario/scenario_city-os-du00501.unity3d,AnimatorController,14,
scenario/scenario_city-os-du00501.unity3d,CanvasRenderer,11,
scenario/scenario_city-os-du00501.unity3d,TextAsset,9,
scenario/scenario_city-os-du00501.unity3d,PlayableDirector,7,
scenario/scenario_city-os-du00501.unity3d,Material,6,
scenario/scenario_city-os-du00501.unity3d,Sprite,3,
scenario/scenario_city-os-du00501.unity3d,ParticleSystem,3,
scenario/scenario_city-os-du00501.unity3d,ParticleSystemRenderer,3,
scenario/scenario_city-os-du00501.unity3d,Camera,2,
scenario/scenario_city-os-du00501.unity3d,CanvasGroup,2,
scenario/scenario_city-os-du00501.unity3d,PreloadData,1,
scenario/scenario_city-os-du00501.unity3d,AssetBundle,1,
scenario/scenario_city-os-du00501.unity3d,RenderSettings,1,
scenario/scenario_city-os-du00501.unity3d,LightmapSettings,1,
scenario/scenario_city-os-du00501.unity3d,NavMeshSettings,1,
scenario/scenario_city-os-du00501.unity3d,Canvas,1,
scenario/scenario_city-os-du00501.unity3d,LightingSettings,1,
scenario/scenario_city-os-du00502.unity3d,AnimationClip,161,
scenario/scenario_city-os-du00502.unity3d,GameObject,141,
scenario/scenario_city-os-du00502.unity3d,Transform,127,
scenario/scenario_city-os-du00502.unity3d,MonoBehaviour,122,
scenario/scenario_city-os-du00502.unity3d,MonoScript,50,
scenario/scenario_city-os-du00502.unity3d,MeshRenderer,37,
scenario/scenario_city-os-du00502.unity3d,MeshFilter,37,
scenario/scenario_city-os-du00502.unity3d,ParticleSystem,22,
scenario/scenario_city-os-du00502.unity3d,ParticleSystemRenderer,22,
scenario/scenario_city-os-du00502.unity3d,Material,20,
scenario/scenario_city-os-du00502.unity3d,Animator,16,
scenario/scenario_city-os-du00502.unity3d,RectTransform,14,
scenario/scenario_city-os-du00502.unity3d,CanvasRenderer,8,
scenario/scenario_city-os-du00502.unity3d,MeshCollider,7,
scenario/scenario_city-os-du00502.unity3d,PlayableDirector,7,
scenario/scenario_city-os-du00502.unity3d,Light,3,
scenario/scenario_city-os-du00502.unity3d,SpriteRenderer,3,
scenario/scenario_city-os-du00502.unity3d,Texture2D,2,
scenario/scenario_city-os-du00502.unity3d,AnimatorController,2,
scenario/scenario_city-os-du00502.unity3d,Sprite,2,
scenario/scenario_city-os-du00502.unity3d,BoxCollider,2,
scenario/scenario_city-os-du00502.unity3d,Camera,2,
scenario/scenario_city-os-du00502.unity3d,PreloadData,1,
scenario/scenario_city-os-du00502.unity3d,AssetBundle,1,
scenario/scenario_city-os-du00502.unity3d,TextAsset,1,
scenario/scenario_city-os-du00502.unity3d,RenderSettings,1,
scenario/scenario_city-os-du00502.unity3d,LightmapSettings,1,
scenario/scenario_city-os-du00502.unity3d,NavMeshSettings,1,
scenario/scenario_city-os-du00502.unity3d,Canvas,1,
scenario/scenario_city-os-du00502.unity3d,LightingSettings,1,
scenario/scenario_city-os-du00701.unity3d,AnimationClip,2342,
scenario/scenario_city-os-du00701.unity3d,MonoBehaviour,1784,
scenario/scenario_city-os-du00701.unity3d,GameObject,1553,
scenario/scenario_city-os-du00701.unity3d,Transform,1455,
scenario/scenario_city-os-du00701.unity3d,Animator,216,
scenario/scenario_city-os-du00701.unity3d,SpriteRenderer,152,
scenario/scenario_city-os-du00701.unity3d,RectTransform,98,
scenario/scenario_city-os-du00701.unity3d,ParticleSystem,88,
scenario/scenario_city-os-du00701.unity3d,ParticleSystemRenderer,88,
scenario/scenario_city-os-du00701.unity3d,MonoScript,83,
scenario/scenario_city-os-du00701.unity3d,MeshRenderer,75,
scenario/scenario_city-os-du00701.unity3d,MeshFilter,75,
scenario/scenario_city-os-du00701.unity3d,CanvasRenderer,66,
scenario/scenario_city-os-du00701.unity3d,BoxCollider,61,
scenario/scenario_city-os-du00701.unity3d,Material,43,
scenario/scenario_city-os-du00701.unity3d,AnimatorController,31,
scenario/scenario_city-os-du00701.unity3d,TextAsset,17,
scenario/scenario_city-os-du00701.unity3d,PlayableDirector,16,
scenario/scenario_city-os-du00701.unity3d,Sprite,7,
scenario/scenario_city-os-du00701.unity3d,MeshCollider,4,
scenario/scenario_city-os-du00701.unity3d,Light,4,
scenario/scenario_city-os-du00701.unity3d,SkinnedMeshRenderer,4,
scenario/scenario_city-os-du00701.unity3d,Camera,2,
scenario/scenario_city-os-du00701.unity3d,CanvasGroup,2,
scenario/scenario_city-os-du00701.unity3d,PreloadData,1,
scenario/scenario_city-os-du00701.unity3d,AssetBundle,1,
scenario/scenario_city-os-du00701.unity3d,LightingSettings,1,
scenario/scenario_city-os-du00701.unity3d,RenderSettings,1,
scenario/scenario_city-os-du00701.unity3d,LightmapSettings,1,
scenario/scenario_city-os-du00701.unity3d,NavMeshSettings,1,
scenario/scenario_city-os-du00701.unity3d,Canvas,1,
scenario/scenario_city-os-du01401.unity3d,MonoBehaviour,560,
scenario/scenario_city-os-du01401.unity3d,AnimationClip,373,
scenario/scenario_city-os-du01401.unity3d,GameObject,244,
scenario/scenario_city-os-du01401.unity3d,RectTransform,158,
scenario/scenario_city-os-du01401.unity3d,CanvasRenderer,109,
scenario/scenario_city-os-du01401.unity3d,MonoScript,87,
scenario/scenario_city-os-du01401.unity3d,Transform,86,
scenario/scenario_city-os-du01401.unity3d,Animator,58,
scenario/scenario_city-os-du01401.unity3d,MeshRenderer,14,
scenario/scenario_city-os-du01401.unity3d,MeshFilter,14,
scenario/scenario_city-os-du01401.unity3d,Sprite,7,
scenario/scenario_city-os-du01401.unity3d,Material,5,
scenario/scenario_city-os-du01401.unity3d,SpriteRenderer,5,
scenario/scenario_city-os-du01401.unity3d,AnimatorController,4,
scenario/scenario_city-os-du01401.unity3d,PlayableDirector,4,
scenario/scenario_city-os-du01401.unity3d,BoxCollider,3,
scenario/scenario_city-os-du01401.unity3d,TextAsset,2,
scenario/scenario_city-os-du01401.unity3d,Camera,2,
scenario/scenario_city-os-du01401.unity3d,Light,2,
scenario/scenario_city-os-du01401.unity3d,CanvasGroup,2,
scenario/scenario_city-os-du01401.unity3d,PreloadData,1,
scenario/scenario_city-os-du01401.unity3d,AssetBundle,1,
scenario/scenario_city-os-du01401.unity3d,Texture2D,1,
scenario/scenario_city-os-du01401.unity3d,RenderSettings,1,
scenario/scenario_city-os-du01401.unity3d,LightmapSettings,1,
scenario/scenario_city-os-du01401.unity3d,NavMeshSettings,1,
scenario/scenario_city-os-du01401.unity3d,ParticleSystem,1,
scenario/scenario_city-os-du01401.unity3d,ParticleSystemRenderer,1,
scenario/scenario_city-os-du01401.unity3d,Canvas,1,
scenario/scenario_city-os-du01401.unity3d,LightingSettings,1,
scenario/scenario_city-os-du01601.unity3d,AnimationClip,1126,
scenario/scenario_city-os-du01601.unity3d,MonoBehaviour,736,
scenario/scenario_city-os-du01601.unity3d,GameObject,414,
scenario/scenario_city-os-du01601.unity3d,Transform,404,
scenario/scenario_city-os-du01601.unity3d,MeshRenderer,152,
scenario/scenario_city-os-du01601.unity3d,MeshFilter,152,
scenario/scenario_city-os-du01601.unity3d,Animator,67,
scenario/scenario_city-os-du01601.unity3d,MonoScript,65,
scenario/scenario_city-os-du01601.unity3d,SpriteRenderer,31,
scenario/scenario_city-os-du01601.unity3d,AnimatorController,14,
scenario/scenario_city-os-du01601.unity3d,BoxCollider,12,
scenario/scenario_city-os-du01601.unity3d,TextAsset,11,
scenario/scenario_city-os-du01601.unity3d,RectTransform,10,
scenario/scenario_city-os-du01601.unity3d,CanvasRenderer,6,
scenario/scenario_city-os-du01601.unity3d,Material,4,
scenario/scenario_city-os-du01601.unity3d,PlayableDirector,4,
scenario/scenario_city-os-du01601.unity3d,Camera,2,
scenario/scenario_city-os-du01601.unity3d,PreloadData,1,
scenario/scenario_city-os-du01601.unity3d,AssetBundle,1,
scenario/scenario_city-os-du01601.unity3d,Sprite,1,
scenario/scenario_city-os-du01601.unity3d,RenderSettings,1,
scenario/scenario_city-os-du01601.unity3d,LightmapSettings,1,
scenario/scenario_city-os-du01601.unity3d,NavMeshSettings,1,
scenario/scenario_city-os-du01601.unity3d,Canvas,1,
scenario/scenario_city-os-du01601.unity3d,LightingSettings,1,
scenario/scenario_city-os-du01701.unity3d,MonoBehaviour,45,
scenario/scenario_city-os-du01701.unity3d,MonoScript,33,
scenario/scenario_city-os-du01701.unity3d,GameObject,26,
scenario/scenario_city-os-du01701.unity3d,Transform,16,
scenario/scenario_city-os-du01701.unity3d,RectTransform,10,
scenario/scenario_city-os-du01701.unity3d,Animator,6,
scenario/scenario_city-os-du01701.unity3d,CanvasRenderer,6,
scenario/scenario_city-os-du01701.unity3d,MeshRenderer,3,
scenario/scenario_city-os-du01701.unity3d,MeshFilter,3,
scenario/scenario_city-os-du01701.unity3d,Material,2,
scenario/scenario_city-os-du01701.unity3d,AnimationClip,2,
scenario/scenario_city-os-du01701.unity3d,Camera,2,
scenario/scenario_city-os-du01701.unity3d,PlayableDirector,2,
scenario/scenario_city-os-du01701.unity3d,PreloadData,1,
scenario/scenario_city-os-du01701.unity3d,AssetBundle,1,
scenario/scenario_city-os-du01701.unity3d,RenderSettings,1,
scenario/scenario_city-os-du01701.unity3d,LightmapSettings,1,
scenario/scenario_city-os-du01701.unity3d,NavMeshSettings,1,
scenario/scenario_city-os-du01701.unity3d,Canvas,1,
scenario/scenario_city-os-du01701.unity3d,LightingSettings,1,
scenario/scenario_city-os-du01801.unity3d,AnimationClip,549,
scenario/scenario_city-os-du01801.unity3d,MonoBehaviour,381,
scenario/scenario_city-os-du01801.unity3d,GameObject,143,
scenario/scenario_city-os-du01801.unity3d,Transform,106,
scenario/scenario_city-os-du01801.unity3d,MonoScript,70,
scenario/scenario_city-os-du01801.unity3d,RectTransform,37,
scenario/scenario_city-os-du01801.unity3d,CanvasRenderer,19,
scenario/scenario_city-os-du01801.unity3d,Animator,18,
scenario/scenario_city-os-du01801.unity3d,MeshRenderer,14,
scenario/scenario_city-os-du01801.unity3d,MeshFilter,14,
scenario/scenario_city-os-du01801.unity3d,CanvasGroup,12,
scenario/scenario_city-os-du01801.unity3d,SpriteRenderer,7,
scenario/scenario_city-os-du01801.unity3d,Material,6,
scenario/scenario_city-os-du01801.unity3d,AnimatorController,5,
scenario/scenario_city-os-du01801.unity3d,PlayableDirector,5,
scenario/scenario_city-os-du01801.unity3d,BoxCollider,4,
scenario/scenario_city-os-du01801.unity3d,TextAsset,3,
scenario/scenario_city-os-du01801.unity3d,Camera,2,
scenario/scenario_city-os-du01801.unity3d,PreloadData,1,
scenario/scenario_city-os-du01801.unity3d,AssetBundle,1,
scenario/scenario_city-os-du01801.unity3d,Mesh,1,
scenario/scenario_city-os-du01801.unity3d,Sprite,1,
scenario/scenario_city-os-du01801.unity3d,RenderSettings,1,
scenario/scenario_city-os-du01801.unity3d,LightmapSettings,1,
scenario/scenario_city-os-du01801.unity3d,NavMeshSettings,1,
scenario/scenario_city-os-du01801.unity3d,ParticleSystem,1,
scenario/scenario_city-os-du01801.unity3d,ParticleSystemRenderer,1,
scenario/scenario_city-os-du01801.unity3d,Canvas,1,
scenario/scenario_city-os-du01801.unity3d,LightingSettings,1,
scenario/scenario_city-os-duco00105.unity3d,AnimationClip,1431,
scenario/scenario_city-os-duco00105.unity3d,GameObject,1131,
scenario/scenario_city-os-duco00105.unity3d,Transform,1063,
scenario/scenario_city-os-duco00105.unity3d,MonoBehaviour,1048,
scenario/scenario_city-os-duco00105.unity3d,Animator,145,
scenario/scenario_city-os-duco00105.unity3d,SpriteRenderer,109,
scenario/scenario_city-os-duco00105.unity3d,MonoScript,70,
scenario/scenario_city-os-duco00105.unity3d,RectTransform,68,
scenario/scenario_city-os-duco00105.unity3d,ParticleSystem,59,
scenario/scenario_city-os-duco00105.unity3d,ParticleSystemRenderer,59,
scenario/scenario_city-os-duco00105.unity3d,MeshRenderer,52,
scenario/scenario_city-os-duco00105.unity3d,MeshFilter,52,
scenario/scenario_city-os-duco00105.unity3d,BoxCollider,49,
scenario/scenario_city-os-duco00105.unity3d,CanvasRenderer,47,
scenario/scenario_city-os-duco00105.unity3d,Material,26,
scenario/scenario_city-os-duco00105.unity3d,AnimatorController,16,
scenario/scenario_city-os-duco00105.unity3d,TextAsset,9,
scenario/scenario_city-os-duco00105.unity3d,PlayableDirector,8,
scenario/scenario_city-os-duco00105.unity3d,Sprite,6,
scenario/scenario_city-os-duco00105.unity3d,Light,3,
scenario/scenario_city-os-duco00105.unity3d,Camera,2,
scenario/scenario_city-os-duco00105.unity3d,PreloadData,1,
scenario/scenario_city-os-duco00105.unity3d,AssetBundle,1,
scenario/scenario_city-os-duco00105.unity3d,RenderSettings,1,
scenario/scenario_city-os-duco00105.unity3d,LightmapSettings,1,
scenario/scenario_city-os-duco00105.unity3d,NavMeshSettings,1,
scenario/scenario_city-os-duco00105.unity3d,Canvas,1,
scenario/scenario_city-os-duco00105.unity3d,LightingSettings,1,
scenario/scenario_city-os-duco00205.unity3d,AnimationClip,1714,
scenario/scenario_city-os-duco00205.unity3d,GameObject,1290,
scenario/scenario_city-os-duco00205.unity3d,Transform,1234,
scenario/scenario_city-os-duco00205.unity3d,MonoBehaviour,1110,
scenario/scenario_city-os-duco00205.unity3d,Animator,166,
scenario/scenario_city-os-duco00205.unity3d,SpriteRenderer,137,
scenario/scenario_city-os-duco00205.unity3d,MonoScript,88,
scenario/scenario_city-os-duco00205.unity3d,MeshRenderer,72,
scenario/scenario_city-os-duco00205.unity3d,MeshFilter,72,
scenario/scenario_city-os-duco00205.unity3d,BoxCollider,60,
scenario/scenario_city-os-duco00205.unity3d,RectTransform,56,
scenario/scenario_city-os-duco00205.unity3d,CanvasRenderer,33,
scenario/scenario_city-os-duco00205.unity3d,Sprite,31,
scenario/scenario_city-os-duco00205.unity3d,AnimatorController,21,
scenario/scenario_city-os-duco00205.unity3d,TextAsset,14,
scenario/scenario_city-os-duco00205.unity3d,CanvasGroup,12,
scenario/scenario_city-os-duco00205.unity3d,Material,8,
scenario/scenario_city-os-duco00205.unity3d,PlayableDirector,4,
scenario/scenario_city-os-duco00205.unity3d,Texture2D,3,
scenario/scenario_city-os-duco00205.unity3d,ParticleSystem,3,
scenario/scenario_city-os-duco00205.unity3d,ParticleSystemRenderer,3,
scenario/scenario_city-os-duco00205.unity3d,Camera,2,
scenario/scenario_city-os-duco00205.unity3d,PreloadData,1,
scenario/scenario_city-os-duco00205.unity3d,AssetBundle,1,
scenario/scenario_city-os-duco00205.unity3d,RenderSettings,1,
scenario/scenario_city-os-duco00205.unity3d,Light,1,
scenario/scenario_city-os-duco00205.unity3d,LightmapSettings,1,
scenario/scenario_city-os-duco00205.unity3d,NavMeshSettings,1,
scenario/scenario_city-os-duco00205.unity3d,Canvas,1,
scenario/scenario_city-os-duco00205.unity3d,LightingSettings,1,
scenario/scenario_city-os-duco00305.unity3d,AnimationClip,1268,
scenario/scenario_city-os-duco00305.unity3d,MonoBehaviour,483,
scenario/scenario_city-os-duco00305.unity3d,GameObject,337,
scenario/scenario_city-os-duco00305.unity3d,Transform,313,
scenario/scenario_city-os-duco00305.unity3d,MonoScript,66,
scenario/scenario_city-os-duco00305.unity3d,Animator,47,
scenario/scenario_city-os-duco00305.unity3d,SpriteRenderer,32,
scenario/scenario_city-os-duco00305.unity3d,RectTransform,24,
scenario/scenario_city-os-duco00305.unity3d,MeshRenderer,18,
scenario/scenario_city-os-duco00305.unity3d,MeshFilter,18,
scenario/scenario_city-os-duco00305.unity3d,CanvasRenderer,16,
scenario/scenario_city-os-duco00305.unity3d,Material,15,
scenario/scenario_city-os-duco00305.unity3d,ParticleSystem,14,
scenario/scenario_city-os-duco00305.unity3d,ParticleSystemRenderer,14,
scenario/scenario_city-os-duco00305.unity3d,BoxCollider,13,
scenario/scenario_city-os-duco00305.unity3d,AnimatorController,12,
scenario/scenario_city-os-duco00305.unity3d,PlayableDirector,10,
scenario/scenario_city-os-duco00305.unity3d,TextAsset,9,
scenario/scenario_city-os-duco00305.unity3d,Light,3,
scenario/scenario_city-os-duco00305.unity3d,Sprite,2,
scenario/scenario_city-os-duco00305.unity3d,Camera,2,
scenario/scenario_city-os-duco00305.unity3d,PreloadData,1,
scenario/scenario_city-os-duco00305.unity3d,AssetBundle,1,
scenario/scenario_city-os-duco00305.unity3d,RenderSettings,1,
scenario/scenario_city-os-duco00305.unity3d,LightmapSettings,1,
scenario/scenario_city-os-duco00305.unity3d,NavMeshSettings,1,
scenario/scenario_city-os-duco00305.unity3d,Canvas,1,
scenario/scenario_city-os-duco00305.unity3d,LightingSettings,1,
scenario/scenario_city-os-ni00108.unity3d,AnimationClip,2020,
scenario/scenario_city-os-ni00108.unity3d,MonoBehaviour,1027,
scenario/scenario_city-os-ni00108.unity3d,GameObject,754,
scenario/scenario_city-os-ni00108.unity3d,Transform,681,
scenario/scenario_city-os-ni00108.unity3d,MeshRenderer,181,
scenario/scenario_city-os-ni00108.unity3d,MeshFilter,181,
scenario/scenario_city-os-ni00108.unity3d,Animator,82,
scenario/scenario_city-os-ni00108.unity3d,SpriteRenderer,81,
scenario/scenario_city-os-ni00108.unity3d,MonoScript,78,
scenario/scenario_city-os-ni00108.unity3d,RectTransform,73,
scenario/scenario_city-os-ni00108.unity3d,CanvasRenderer,47,
scenario/scenario_city-os-ni00108.unity3d,AnimatorController,24,
scenario/scenario_city-os-ni00108.unity3d,BoxCollider,18,
scenario/scenario_city-os-ni00108.unity3d,TextAsset,14,
scenario/scenario_city-os-ni00108.unity3d,Material,11,
scenario/scenario_city-os-ni00108.unity3d,PlayableDirector,10,
scenario/scenario_city-os-ni00108.unity3d,Sprite,8,
scenario/scenario_city-os-ni00108.unity3d,CanvasGroup,4,
scenario/scenario_city-os-ni00108.unity3d,Camera,2,
scenario/scenario_city-os-ni00108.unity3d,ParticleSystem,2,
scenario/scenario_city-os-ni00108.unity3d,ParticleSystemRenderer,2,
scenario/scenario_city-os-ni00108.unity3d,PreloadData,1,
scenario/scenario_city-os-ni00108.unity3d,AssetBundle,1,
scenario/scenario_city-os-ni00108.unity3d,RenderSettings,1,
scenario/scenario_city-os-ni00108.unity3d,Light,1,
scenario/scenario_city-os-ni00108.unity3d,LightmapSettings,1,
scenario/scenario_city-os-ni00108.unity3d,NavMeshSettings,1,
scenario/scenario_city-os-ni00108.unity3d,Canvas,1,
scenario/scenario_city-os-ni00108.unity3d,LightingSettings,1,
scenario/scenario_city-os-ni00208.unity3d,AnimationClip,2021,
scenario/scenario_city-os-ni00208.unity3d,GameObject,1402,
scenario/scenario_city-os-ni00208.unity3d,Transform,1366,
scenario/scenario_city-os-ni00208.unity3d,MonoBehaviour,1319,
scenario/scenario_city-os-ni00208.unity3d,Animator,161,
scenario/scenario_city-os-ni00208.unity3d,SpriteRenderer,136,
scenario/scenario_city-os-ni00208.unity3d,ParticleSystem,90,
scenario/scenario_city-os-ni00208.unity3d,ParticleSystemRenderer,90,
scenario/scenario_city-os-ni00208.unity3d,MonoScript,71,
scenario/scenario_city-os-ni00208.unity3d,MeshRenderer,65,
scenario/scenario_city-os-ni00208.unity3d,MeshFilter,65,
scenario/scenario_city-os-ni00208.unity3d,BoxCollider,56,
scenario/scenario_city-os-ni00208.unity3d,Material,36,
scenario/scenario_city-os-ni00208.unity3d,RectTransform,36,
scenario/scenario_city-os-ni00208.unity3d,CanvasRenderer,25,
scenario/scenario_city-os-ni00208.unity3d,AnimatorController,23,
scenario/scenario_city-os-ni00208.unity3d,PlayableDirector,15,
scenario/scenario_city-os-ni00208.unity3d,TextAsset,14,
scenario/scenario_city-os-ni00208.unity3d,Sprite,4,
scenario/scenario_city-os-ni00208.unity3d,Camera,2,
scenario/scenario_city-os-ni00208.unity3d,Light,2,
scenario/scenario_city-os-ni00208.unity3d,PreloadData,1,
scenario/scenario_city-os-ni00208.unity3d,AssetBundle,1,
scenario/scenario_city-os-ni00208.unity3d,RenderSettings,1,
scenario/scenario_city-os-ni00208.unity3d,LightmapSettings,1,
scenario/scenario_city-os-ni00208.unity3d,NavMeshSettings,1,
scenario/scenario_city-os-ni00208.unity3d,Canvas,1,
scenario/scenario_city-os-ni00208.unity3d,LightingSettings,1,
scenario/scenario_city-os-ni01401.unity3d,MonoBehaviour,450,
scenario/scenario_city-os-ni01401.unity3d,AnimationClip,383,
scenario/scenario_city-os-ni01401.unity3d,GameObject,223,
scenario/scenario_city-os-ni01401.unity3d,Transform,206,
scenario/scenario_city-os-ni01401.unity3d,MonoScript,78,
scenario/scenario_city-os-ni01401.unity3d,MeshRenderer,73,
scenario/scenario_city-os-ni01401.unity3d,MeshFilter,73,
scenario/scenario_city-os-ni01401.unity3d,Animator,29,
scenario/scenario_city-os-ni01401.unity3d,RectTransform,17,
scenario/scenario_city-os-ni01401.unity3d,SpriteRenderer,12,
scenario/scenario_city-os-ni01401.unity3d,CanvasRenderer,9,
scenario/scenario_city-os-ni01401.unity3d,Material,8,
scenario/scenario_city-os-ni01401.unity3d,BoxCollider,6,
scenario/scenario_city-os-ni01401.unity3d,Light,5,
scenario/scenario_city-os-ni01401.unity3d,PlayableDirector,5,
scenario/scenario_city-os-ni01401.unity3d,AnimatorController,4,
scenario/scenario_city-os-ni01401.unity3d,TextAsset,3,
scenario/scenario_city-os-ni01401.unity3d,Sprite,3,
scenario/scenario_city-os-ni01401.unity3d,ParticleSystem,3,
scenario/scenario_city-os-ni01401.unity3d,ParticleSystemRenderer,3,
scenario/scenario_city-os-ni01401.unity3d,Camera,2,
scenario/scenario_city-os-ni01401.unity3d,CanvasGroup,2,
scenario/scenario_city-os-ni01401.unity3d,PreloadData,1,
scenario/scenario_city-os-ni01401.unity3d,AssetBundle,1,
scenario/scenario_city-os-ni01401.unity3d,Mesh,1,
scenario/scenario_city-os-ni01401.unity3d,MeshCollider,1,
scenario/scenario_city-os-ni01401.unity3d,RenderSettings,1,
scenario/scenario_city-os-ni01401.unity3d,LightmapSettings,1,
scenario/scenario_city-os-ni01401.unity3d,NavMeshSettings,1,
scenario/scenario_city-os-ni01401.unity3d,Canvas,1,
scenario/scenario_city-os-ni01401.unity3d,LightingSettings,1,
scenario/scenario_city-os-ni01601.unity3d,AnimationClip,741,
scenario/scenario_city-os-ni01601.unity3d,MonoBehaviour,351,
scenario/scenario_city-os-ni01601.unity3d,GameObject,172,
scenario/scenario_city-os-ni01601.unity3d,Transform,162,
scenario/scenario_city-os-ni01601.unity3d,MeshRenderer,69,
scenario/scenario_city-os-ni01601.unity3d,MeshFilter,69,
scenario/scenario_city-os-ni01601.unity3d,MonoScript,61,
scenario/scenario_city-os-ni01601.unity3d,Animator,49,
scenario/scenario_city-os-ni01601.unity3d,RectTransform,10,
scenario/scenario_city-os-ni01601.unity3d,SpriteRenderer,9,
scenario/scenario_city-os-ni01601.unity3d,AnimatorController,6,
scenario/scenario_city-os-ni01601.unity3d,CanvasRenderer,6,
scenario/scenario_city-os-ni01601.unity3d,Material,4,
scenario/scenario_city-os-ni01601.unity3d,TextAsset,4,
scenario/scenario_city-os-ni01601.unity3d,BoxCollider,4,
scenario/scenario_city-os-ni01601.unity3d,PlayableDirector,3,
scenario/scenario_city-os-ni01601.unity3d,Camera,2,
scenario/scenario_city-os-ni01601.unity3d,Light,2,
scenario/scenario_city-os-ni01601.unity3d,PreloadData,1,
scenario/scenario_city-os-ni01601.unity3d,AssetBundle,1,
scenario/scenario_city-os-ni01601.unity3d,Sprite,1,
scenario/scenario_city-os-ni01601.unity3d,RenderSettings,1,
scenario/scenario_city-os-ni01601.unity3d,LightmapSettings,1,
scenario/scenario_city-os-ni01601.unity3d,NavMeshSettings,1,
scenario/scenario_city-os-ni01601.unity3d,Canvas,1,
scenario/scenario_city-os-ni01601.unity3d,LightingSettings,1,
scenario/scenario_city-os-niri00801.unity3d,AnimationClip,1001,
scenario/scenario_city-os-niri00801.unity3d,MonoBehaviour,620,
scenario/scenario_city-os-niri00801.unity3d,GameObject,289,
scenario/scenario_city-os-niri00801.unity3d,Transform,245,
scenario/scenario_city-os-niri00801.unity3d,MonoScript,87,
scenario/scenario_city-os-niri00801.unity3d,RectTransform,44,
scenario/scenario_city-os-niri00801.unity3d,Animator,41,
scenario/scenario_city-os-niri00801.unity3d,SpriteRenderer,28,
scenario/scenario_city-os-niri00801.unity3d,CanvasRenderer,22,
scenario/scenario_city-os-niri00801.unity3d,ParticleSystem,15,
scenario/scenario_city-os-niri00801.unity3d,ParticleSystemRenderer,15,
scenario/scenario_city-os-niri00801.unity3d,Material,14,
scenario/scenario_city-os-niri00801.unity3d,CanvasGroup,14,
scenario/scenario_city-os-niri00801.unity3d,AnimatorController,12,
scenario/scenario_city-os-niri00801.unity3d,MeshRenderer,11,
scenario/scenario_city-os-niri00801.unity3d,MeshFilter,11,
scenario/scenario_city-os-niri00801.unity3d,BoxCollider,9,
scenario/scenario_city-os-niri00801.unity3d,PlayableDirector,7,
scenario/scenario_city-os-niri00801.unity3d,TextAsset,4,
scenario/scenario_city-os-niri00801.unity3d,Sprite,3,
scenario/scenario_city-os-niri00801.unity3d,AnimatorOverrideController,3,
scenario/scenario_city-os-niri00801.unity3d,Camera,2,
scenario/scenario_city-os-niri00801.unity3d,PreloadData,1,
scenario/scenario_city-os-niri00801.unity3d,AssetBundle,1,
scenario/scenario_city-os-niri00801.unity3d,MeshCollider,1,
scenario/scenario_city-os-niri00801.unity3d,RenderSettings,1,
scenario/scenario_city-os-niri00801.unity3d,Light,1,
scenario/scenario_city-os-niri00801.unity3d,SkinnedMeshRenderer,1,
scenario/scenario_city-os-niri00801.unity3d,LightmapSettings,1,
scenario/scenario_city-os-niri00801.unity3d,NavMeshSettings,1,
scenario/scenario_city-os-niri00801.unity3d,Canvas,1,
scenario/scenario_city-os-niri00801.unity3d,LightingSettings,1,
scenario/scenario_city-os-nisn00601.unity3d,AnimationClip,580,
scenario/scenario_city-os-nisn00601.unity3d,MonoBehaviour,406,
scenario/scenario_city-os-nisn00601.unity3d,GameObject,185,
scenario/scenario_city-os-nisn00601.unity3d,Transform,147,
scenario/scenario_city-os-nisn00601.unity3d,MonoScript,76,
scenario/scenario_city-os-nisn00601.unity3d,Animator,38,
scenario/scenario_city-os-nisn00601.unity3d,RectTransform,38,
scenario/scenario_city-os-nisn00601.unity3d,MeshRenderer,24,
scenario/scenario_city-os-nisn00601.unity3d,MeshFilter,24,
scenario/scenario_city-os-nisn00601.unity3d,CanvasRenderer,24,
scenario/scenario_city-os-nisn00601.unity3d,SpriteRenderer,12,
scenario/scenario_city-os-nisn00601.unity3d,AnimatorController,8,
scenario/scenario_city-os-nisn00601.unity3d,Material,5,
scenario/scenario_city-os-nisn00601.unity3d,TextAsset,5,
scenario/scenario_city-os-nisn00601.unity3d,Sprite,5,
scenario/scenario_city-os-nisn00601.unity3d,BoxCollider,5,
scenario/scenario_city-os-nisn00601.unity3d,PlayableDirector,4,
scenario/scenario_city-os-nisn00601.unity3d,ParticleSystem,3,
scenario/scenario_city-os-nisn00601.unity3d,ParticleSystemRenderer,3,
scenario/scenario_city-os-nisn00601.unity3d,Camera,2,
scenario/scenario_city-os-nisn00601.unity3d,MeshCollider,2,
scenario/scenario_city-os-nisn00601.unity3d,CanvasGroup,2,
scenario/scenario_city-os-nisn00601.unity3d,PreloadData,1,
scenario/scenario_city-os-nisn00601.unity3d,AssetBundle,1,
scenario/scenario_city-os-nisn00601.unity3d,RenderSettings,1,
scenario/scenario_city-os-nisn00601.unity3d,Light,1,
scenario/scenario_city-os-nisn00601.unity3d,LightmapSettings,1,
scenario/scenario_city-os-nisn00601.unity3d,NavMeshSettings,1,
scenario/scenario_city-os-nisn00601.unity3d,Canvas,1,
scenario/scenario_city-os-nisn00601.unity3d,LightingSettings,1,
scenario/scenario_city-pit-da00201.unity3d,MonoBehaviour,4079,
scenario/scenario_city-pit-da00201.unity3d,AnimationClip,3115,
scenario/scenario_city-pit-da00201.unity3d,GameObject,2212,
scenario/scenario_city-pit-da00201.unity3d,Transform,1653,
scenario/scenario_city-pit-da00201.unity3d,RectTransform,559,
scenario/scenario_city-pit-da00201.unity3d,CanvasRenderer,387,
scenario/scenario_city-pit-da00201.unity3d,Animator,348,
scenario/scenario_city-pit-da00201.unity3d,SpriteRenderer,168,
scenario/scenario_city-pit-da00201.unity3d,MeshRenderer,91,
scenario/scenario_city-pit-da00201.unity3d,MeshFilter,91,
scenario/scenario_city-pit-da00201.unity3d,BoxCollider,80,
scenario/scenario_city-pit-da00201.unity3d,MonoScript,78,
scenario/scenario_city-pit-da00201.unity3d,AnimatorController,38,
scenario/scenario_city-pit-da00201.unity3d,TextAsset,35,
scenario/scenario_city-pit-da00201.unity3d,PlayableDirector,20,
scenario/scenario_city-pit-da00201.unity3d,ParticleSystem,12,
scenario/scenario_city-pit-da00201.unity3d,ParticleSystemRenderer,12,
scenario/scenario_city-pit-da00201.unity3d,Material,11,
scenario/scenario_city-pit-da00201.unity3d,CanvasGroup,10,
scenario/scenario_city-pit-da00201.unity3d,Sprite,8,
scenario/scenario_city-pit-da00201.unity3d,Camera,2,
scenario/scenario_city-pit-da00201.unity3d,PreloadData,1,
scenario/scenario_city-pit-da00201.unity3d,AssetBundle,1,
scenario/scenario_city-pit-da00201.unity3d,AnimatorOverrideController,1,
scenario/scenario_city-pit-da00201.unity3d,RenderSettings,1,
scenario/scenario_city-pit-da00201.unity3d,Light,1,
scenario/scenario_city-pit-da00201.unity3d,LightmapSettings,1,
scenario/scenario_city-pit-da00201.unity3d,NavMeshSettings,1,
scenario/scenario_city-pit-da00201.unity3d,Canvas,1,
scenario/scenario_city-pit-da00201.unity3d,LightingSettings,1,
scenario/scenario_city-spcl-da00101.unity3d,AnimationClip,573,
scenario/scenario_city-spcl-da00101.unity3d,MonoBehaviour,97,
scenario/scenario_city-spcl-da00101.unity3d,GameObject,95,
scenario/scenario_city-spcl-da00101.unity3d,Transform,81,
scenario/scenario_city-spcl-da00101.unity3d,MonoScript,43,
scenario/scenario_city-spcl-da00101.unity3d,RectTransform,14,
scenario/scenario_city-spcl-da00101.unity3d,Animator,12,
scenario/scenario_city-spcl-da00101.unity3d,CanvasRenderer,8,
scenario/scenario_city-spcl-da00101.unity3d,SpriteRenderer,7,
scenario/scenario_city-spcl-da00101.unity3d,PlayableDirector,5,
scenario/scenario_city-spcl-da00101.unity3d,AnimatorController,4,
scenario/scenario_city-spcl-da00101.unity3d,MeshRenderer,4,
scenario/scenario_city-spcl-da00101.unity3d,MeshFilter,4,
scenario/scenario_city-spcl-da00101.unity3d,Material,3,
scenario/scenario_city-spcl-da00101.unity3d,TextAsset,3,
scenario/scenario_city-spcl-da00101.unity3d,BoxCollider,3,
scenario/scenario_city-spcl-da00101.unity3d,Camera,2,
scenario/scenario_city-spcl-da00101.unity3d,PreloadData,1,
scenario/scenario_city-spcl-da00101.unity3d,AssetBundle,1,
scenario/scenario_city-spcl-da00101.unity3d,Sprite,1,
scenario/scenario_city-spcl-da00101.unity3d,RenderSettings,1,
scenario/scenario_city-spcl-da00101.unity3d,LightmapSettings,1,
scenario/scenario_city-spcl-da00101.unity3d,NavMeshSettings,1,
scenario/scenario_city-spcl-da00101.unity3d,Canvas,1,
scenario/scenario_city-spcl-da00101.unity3d,LightingSettings,1,
scenario/scenario_city-spcl-da00501.unity3d,AnimationClip,441,
scenario/scenario_city-spcl-da00501.unity3d,GameObject,163,
scenario/scenario_city-spcl-da00501.unity3d,MonoBehaviour,161,
scenario/scenario_city-spcl-da00501.unity3d,Transform,118,
scenario/scenario_city-spcl-da00501.unity3d,MonoScript,56,
scenario/scenario_city-spcl-da00501.unity3d,RectTransform,45,
scenario/scenario_city-spcl-da00501.unity3d,MeshRenderer,32,
scenario/scenario_city-spcl-da00501.unity3d,MeshFilter,32,
scenario/scenario_city-spcl-da00501.unity3d,CanvasRenderer,28,
scenario/scenario_city-spcl-da00501.unity3d,Animator,24,
scenario/scenario_city-spcl-da00501.unity3d,Sprite,8,
scenario/scenario_city-spcl-da00501.unity3d,SpriteRenderer,8,
scenario/scenario_city-spcl-da00501.unity3d,PlayableDirector,8,
scenario/scenario_city-spcl-da00501.unity3d,Material,6,
scenario/scenario_city-spcl-da00501.unity3d,AnimatorController,6,
scenario/scenario_city-spcl-da00501.unity3d,BoxCollider,4,
scenario/scenario_city-spcl-da00501.unity3d,TextAsset,3,
scenario/scenario_city-spcl-da00501.unity3d,CanvasGroup,3,
scenario/scenario_city-spcl-da00501.unity3d,Camera,2,
scenario/scenario_city-spcl-da00501.unity3d,PreloadData,1,
scenario/scenario_city-spcl-da00501.unity3d,AssetBundle,1,
scenario/scenario_city-spcl-da00501.unity3d,MeshCollider,1,
scenario/scenario_city-spcl-da00501.unity3d,RenderSettings,1,
scenario/scenario_city-spcl-da00501.unity3d,LightmapSettings,1,
scenario/scenario_city-spcl-da00501.unity3d,NavMeshSettings,1,
scenario/scenario_city-spcl-da00501.unity3d,Canvas,1,
scenario/scenario_city-spcl-da00501.unity3d,LightingSettings,1,
scenario/scenario_city-spcl-da00601.unity3d,AnimationClip,1186,
scenario/scenario_city-spcl-da00601.unity3d,MonoBehaviour,670,
scenario/scenario_city-spcl-da00601.unity3d,GameObject,329,
scenario/scenario_city-spcl-da00601.unity3d,Transform,291,
scenario/scenario_city-spcl-da00601.unity3d,MonoScript,59,
scenario/scenario_city-spcl-da00601.unity3d,Animator,53,
scenario/scenario_city-spcl-da00601.unity3d,RectTransform,38,
scenario/scenario_city-spcl-da00601.unity3d,MeshRenderer,36,
scenario/scenario_city-spcl-da00601.unity3d,MeshFilter,35,
scenario/scenario_city-spcl-da00601.unity3d,SpriteRenderer,32,
scenario/scenario_city-spcl-da00601.unity3d,CanvasRenderer,26,
scenario/scenario_city-spcl-da00601.unity3d,AnimatorController,17,
scenario/scenario_city-spcl-da00601.unity3d,ParticleSystem,16,
scenario/scenario_city-spcl-da00601.unity3d,ParticleSystemRenderer,16,
scenario/scenario_city-spcl-da00601.unity3d,Material,15,
scenario/scenario_city-spcl-da00601.unity3d,BoxCollider,12,
scenario/scenario_city-spcl-da00601.unity3d,TextAsset,11,
scenario/scenario_city-spcl-da00601.unity3d,Sprite,5,
scenario/scenario_city-spcl-da00601.unity3d,PlayableDirector,3,
scenario/scenario_city-spcl-da00601.unity3d,Camera,2,
scenario/scenario_city-spcl-da00601.unity3d,PreloadData,1,
scenario/scenario_city-spcl-da00601.unity3d,AssetBundle,1,
scenario/scenario_city-spcl-da00601.unity3d,Texture2D,1,
scenario/scenario_city-spcl-da00601.unity3d,RenderSettings,1,
scenario/scenario_city-spcl-da00601.unity3d,LightmapSettings,1,
scenario/scenario_city-spcl-da00601.unity3d,NavMeshSettings,1,
scenario/scenario_city-spcl-da00601.unity3d,Canvas,1,
scenario/scenario_city-spcl-da00601.unity3d,LightingSettings,1,
scenario/scenario_city-spcl-da00801.unity3d,AnimationClip,2751,
scenario/scenario_city-spcl-da00801.unity3d,GameObject,2165,
scenario/scenario_city-spcl-da00801.unity3d,Transform,2099,
scenario/scenario_city-spcl-da00801.unity3d,MonoBehaviour,974,
scenario/scenario_city-spcl-da00801.unity3d,MeshRenderer,414,
scenario/scenario_city-spcl-da00801.unity3d,MeshFilter,414,
scenario/scenario_city-spcl-da00801.unity3d,Animator,220,
scenario/scenario_city-spcl-da00801.unity3d,SpriteRenderer,197,
scenario/scenario_city-spcl-da00801.unity3d,BoxCollider,91,
scenario/scenario_city-spcl-da00801.unity3d,RectTransform,66,
scenario/scenario_city-spcl-da00801.unity3d,MonoScript,53,
scenario/scenario_city-spcl-da00801.unity3d,CanvasRenderer,46,
scenario/scenario_city-spcl-da00801.unity3d,AnimatorController,37,
scenario/scenario_city-spcl-da00801.unity3d,TextAsset,32,
scenario/scenario_city-spcl-da00801.unity3d,Material,4,
scenario/scenario_city-spcl-da00801.unity3d,Sprite,3,
scenario/scenario_city-spcl-da00801.unity3d,PlayableDirector,3,
scenario/scenario_city-spcl-da00801.unity3d,Camera,2,
scenario/scenario_city-spcl-da00801.unity3d,PreloadData,1,
scenario/scenario_city-spcl-da00801.unity3d,AssetBundle,1,
scenario/scenario_city-spcl-da00801.unity3d,AnimatorOverrideController,1,
scenario/scenario_city-spcl-da00801.unity3d,RenderSettings,1,
scenario/scenario_city-spcl-da00801.unity3d,LightmapSettings,1,
scenario/scenario_city-spcl-da00801.unity3d,NavMeshSettings,1,
scenario/scenario_city-spcl-da00801.unity3d,Canvas,1,
scenario/scenario_city-spcl-da00801.unity3d,LightingSettings,1,
scenario/scenario_city-spcl-da00901-00.unity3d,AnimationClip,1559,
scenario/scenario_city-spcl-da00901-00.unity3d,GameObject,660,
scenario/scenario_city-spcl-da00901-00.unity3d,Transform,626,
scenario/scenario_city-spcl-da00901-00.unity3d,MonoBehaviour,366,
scenario/scenario_city-spcl-da00901-00.unity3d,Animator,75,
scenario/scenario_city-spcl-da00901-00.unity3d,SpriteRenderer,63,
scenario/scenario_city-spcl-da00901-00.unity3d,MonoScript,56,
scenario/scenario_city-spcl-da00901-00.unity3d,MeshRenderer,38,
scenario/scenario_city-spcl-da00901-00.unity3d,MeshFilter,38,
scenario/scenario_city-spcl-da00901-00.unity3d,RectTransform,34,
scenario/scenario_city-spcl-da00901-00.unity3d,BoxCollider,32,
scenario/scenario_city-spcl-da00901-00.unity3d,CanvasRenderer,21,
scenario/scenario_city-spcl-da00901-00.unity3d,AnimatorController,17,
scenario/scenario_city-spcl-da00901-00.unity3d,TextAsset,14,
scenario/scenario_city-spcl-da00901-00.unity3d,Material,10,
scenario/scenario_city-spcl-da00901-00.unity3d,PlayableDirector,6,
scenario/scenario_city-spcl-da00901-00.unity3d,Sprite,5,
scenario/scenario_city-spcl-da00901-00.unity3d,ParticleSystem,3,
scenario/scenario_city-spcl-da00901-00.unity3d,ParticleSystemRenderer,3,
scenario/scenario_city-spcl-da00901-00.unity3d,AnimatorOverrideController,2,
scenario/scenario_city-spcl-da00901-00.unity3d,Camera,2,
scenario/scenario_city-spcl-da00901-00.unity3d,PreloadData,1,
scenario/scenario_city-spcl-da00901-00.unity3d,AssetBundle,1,
scenario/scenario_city-spcl-da00901-00.unity3d,Mesh,1,
scenario/scenario_city-spcl-da00901-00.unity3d,MeshCollider,1,
scenario/scenario_city-spcl-da00901-00.unity3d,RenderSettings,1,
scenario/scenario_city-spcl-da00901-00.unity3d,LightmapSettings,1,
scenario/scenario_city-spcl-da00901-00.unity3d,NavMeshSettings,1,
scenario/scenario_city-spcl-da00901-00.unity3d,Canvas,1,
scenario/scenario_city-spcl-da00901-00.unity3d,CanvasGroup,1,
scenario/scenario_city-spcl-da00901-00.unity3d,LightingSettings,1,
scenario/scenario_city-spcl-da00901-01.unity3d,AnimationClip,1188,
scenario/scenario_city-spcl-da00901-01.unity3d,GameObject,430,
scenario/scenario_city-spcl-da00901-01.unity3d,Transform,362,
scenario/scenario_city-spcl-da00901-01.unity3d,MonoBehaviour,296,
scenario/scenario_city-spcl-da00901-01.unity3d,RectTransform,68,
scenario/scenario_city-spcl-da00901-01.unity3d,MonoScript,64,
scenario/scenario_city-spcl-da00901-01.unity3d,MeshRenderer,48,
scenario/scenario_city-spcl-da00901-01.unity3d,MeshFilter,48,
scenario/scenario_city-spcl-da00901-01.unity3d,Animator,47,
scenario/scenario_city-spcl-da00901-01.unity3d,CanvasRenderer,39,
scenario/scenario_city-spcl-da00901-01.unity3d,SpriteRenderer,33,
scenario/scenario_city-spcl-da00901-01.unity3d,AnimatorController,18,
scenario/scenario_city-spcl-da00901-01.unity3d,BoxCollider,16,
scenario/scenario_city-spcl-da00901-01.unity3d,CanvasGroup,15,
scenario/scenario_city-spcl-da00901-01.unity3d,TextAsset,13,
scenario/scenario_city-spcl-da00901-01.unity3d,Material,12,
scenario/scenario_city-spcl-da00901-01.unity3d,ParticleSystem,10,
scenario/scenario_city-spcl-da00901-01.unity3d,ParticleSystemRenderer,10,
scenario/scenario_city-spcl-da00901-01.unity3d,PlayableDirector,10,
scenario/scenario_city-spcl-da00901-01.unity3d,Sprite,8,
scenario/scenario_city-spcl-da00901-01.unity3d,Camera,2,
scenario/scenario_city-spcl-da00901-01.unity3d,Light,2,
scenario/scenario_city-spcl-da00901-01.unity3d,PreloadData,1,
scenario/scenario_city-spcl-da00901-01.unity3d,AssetBundle,1,
scenario/scenario_city-spcl-da00901-01.unity3d,MeshCollider,1,
scenario/scenario_city-spcl-da00901-01.unity3d,RenderSettings,1,
scenario/scenario_city-spcl-da00901-01.unity3d,LightmapSettings,1,
scenario/scenario_city-spcl-da00901-01.unity3d,NavMeshSettings,1,
scenario/scenario_city-spcl-da00901-01.unity3d,Canvas,1,
scenario/scenario_city-spcl-da00901-01.unity3d,LightingSettings,1,
scenario/scenario_city-spcl-da00901-02.unity3d,AnimationClip,1722,
scenario/scenario_city-spcl-da00901-02.unity3d,MonoBehaviour,578,
scenario/scenario_city-spcl-da00901-02.unity3d,GameObject,489,
scenario/scenario_city-spcl-da00901-02.unity3d,Transform,444,
scenario/scenario_city-spcl-da00901-02.unity3d,MonoScript,56,
scenario/scenario_city-spcl-da00901-02.unity3d,Animator,54,
scenario/scenario_city-spcl-da00901-02.unity3d,MeshRenderer,50,
scenario/scenario_city-spcl-da00901-02.unity3d,MeshFilter,50,
scenario/scenario_city-spcl-da00901-02.unity3d,RectTransform,45,
scenario/scenario_city-spcl-da00901-02.unity3d,SpriteRenderer,42,
scenario/scenario_city-spcl-da00901-02.unity3d,CanvasRenderer,28,
scenario/scenario_city-spcl-da00901-02.unity3d,AnimatorController,22,
scenario/scenario_city-spcl-da00901-02.unity3d,BoxCollider,20,
scenario/scenario_city-spcl-da00901-02.unity3d,TextAsset,19,
scenario/scenario_city-spcl-da00901-02.unity3d,Sprite,8,
scenario/scenario_city-spcl-da00901-02.unity3d,PlayableDirector,8,
scenario/scenario_city-spcl-da00901-02.unity3d,Material,5,
scenario/scenario_city-spcl-da00901-02.unity3d,ParticleSystem,5,
scenario/scenario_city-spcl-da00901-02.unity3d,ParticleSystemRenderer,5,
scenario/scenario_city-spcl-da00901-02.unity3d,CanvasGroup,3,
scenario/scenario_city-spcl-da00901-02.unity3d,Camera,2,
scenario/scenario_city-spcl-da00901-02.unity3d,PreloadData,1,
scenario/scenario_city-spcl-da00901-02.unity3d,AssetBundle,1,
scenario/scenario_city-spcl-da00901-02.unity3d,AnimatorOverrideController,1,
scenario/scenario_city-spcl-da00901-02.unity3d,MeshCollider,1,
scenario/scenario_city-spcl-da00901-02.unity3d,RenderSettings,1,
scenario/scenario_city-spcl-da00901-02.unity3d,LightmapSettings,1,
scenario/scenario_city-spcl-da00901-02.unity3d,NavMeshSettings,1,
scenario/scenario_city-spcl-da00901-02.unity3d,Canvas,1,
scenario/scenario_city-spcl-da00901-02.unity3d,LightingSettings,1,
scenario/scenario_city-spcl-dawn00401.unity3d,AnimationClip,1207,
scenario/scenario_city-spcl-dawn00401.unity3d,GameObject,460,
scenario/scenario_city-spcl-dawn00401.unity3d,MonoBehaviour,388,
scenario/scenario_city-spcl-dawn00401.unity3d,Transform,315,
scenario/scenario_city-spcl-dawn00401.unity3d,RectTransform,145,
scenario/scenario_city-spcl-dawn00401.unity3d,CanvasRenderer,97,
scenario/scenario_city-spcl-dawn00401.unity3d,Animator,93,
scenario/scenario_city-spcl-dawn00401.unity3d,MeshRenderer,73,
scenario/scenario_city-spcl-dawn00401.unity3d,MeshFilter,73,
scenario/scenario_city-spcl-dawn00401.unity3d,MonoScript,63,
scenario/scenario_city-spcl-dawn00401.unity3d,SpriteRenderer,34,
scenario/scenario_city-spcl-dawn00401.unity3d,ParticleSystem,30,
scenario/scenario_city-spcl-dawn00401.unity3d,ParticleSystemRenderer,30,
scenario/scenario_city-spcl-dawn00401.unity3d,Material,23,
scenario/scenario_city-spcl-dawn00401.unity3d,AnimatorController,13,
scenario/scenario_city-spcl-dawn00401.unity3d,CanvasGroup,12,
scenario/scenario_city-spcl-dawn00401.unity3d,BoxCollider,9,
scenario/scenario_city-spcl-dawn00401.unity3d,PlayableDirector,7,
scenario/scenario_city-spcl-dawn00401.unity3d,TextAsset,6,
scenario/scenario_city-spcl-dawn00401.unity3d,Sprite,5,
scenario/scenario_city-spcl-dawn00401.unity3d,Light,4,
scenario/scenario_city-spcl-dawn00401.unity3d,Camera,2,
scenario/scenario_city-spcl-dawn00401.unity3d,MeshCollider,2,
scenario/scenario_city-spcl-dawn00401.unity3d,PreloadData,1,
scenario/scenario_city-spcl-dawn00401.unity3d,AssetBundle,1,
scenario/scenario_city-spcl-dawn00401.unity3d,RenderSettings,1,
scenario/scenario_city-spcl-dawn00401.unity3d,LightmapSettings,1,
scenario/scenario_city-spcl-dawn00401.unity3d,NavMeshSettings,1,
scenario/scenario_city-spcl-dawn00401.unity3d,Canvas,1,
scenario/scenario_city-spcl-dawn00401.unity3d,LightingSettings,1,
scenario/scenario_city-spcl-du00301.unity3d,AnimationClip,350,
scenario/scenario_city-spcl-du00301.unity3d,MonoBehaviour,122,
scenario/scenario_city-spcl-du00301.unity3d,GameObject,104,
scenario/scenario_city-spcl-du00301.unity3d,Transform,66,
scenario/scenario_city-spcl-du00301.unity3d,MonoScript,48,
scenario/scenario_city-spcl-du00301.unity3d,RectTransform,38,
scenario/scenario_city-spcl-du00301.unity3d,CanvasRenderer,24,
scenario/scenario_city-spcl-du00301.unity3d,Animator,18,
scenario/scenario_city-spcl-du00301.unity3d,MeshRenderer,8,
scenario/scenario_city-spcl-du00301.unity3d,MeshFilter,8,
scenario/scenario_city-spcl-du00301.unity3d,Sprite,5,
scenario/scenario_city-spcl-du00301.unity3d,SpriteRenderer,5,
scenario/scenario_city-spcl-du00301.unity3d,AnimatorController,4,
scenario/scenario_city-spcl-du00301.unity3d,PlayableDirector,4,
scenario/scenario_city-spcl-du00301.unity3d,Material,2,
scenario/scenario_city-spcl-du00301.unity3d,TextAsset,2,
scenario/scenario_city-spcl-du00301.unity3d,Camera,2,
scenario/scenario_city-spcl-du00301.unity3d,BoxCollider,2,
scenario/scenario_city-spcl-du00301.unity3d,CanvasGroup,2,
scenario/scenario_city-spcl-du00301.unity3d,PreloadData,1,
scenario/scenario_city-spcl-du00301.unity3d,AssetBundle,1,
scenario/scenario_city-spcl-du00301.unity3d,RenderSettings,1,
scenario/scenario_city-spcl-du00301.unity3d,LightmapSettings,1,
scenario/scenario_city-spcl-du00301.unity3d,NavMeshSettings,1,
scenario/scenario_city-spcl-du00301.unity3d,Canvas,1,
scenario/scenario_city-spcl-du00301.unity3d,LightingSettings,1,
scenario/scenario_city-spcl-ni00101.unity3d,AnimationClip,243,
scenario/scenario_city-spcl-ni00101.unity3d,MonoBehaviour,64,
scenario/scenario_city-spcl-ni00101.unity3d,MonoScript,47,
scenario/scenario_city-spcl-ni00101.unity3d,GameObject,45,
scenario/scenario_city-spcl-ni00101.unity3d,Transform,35,
scenario/scenario_city-spcl-ni00101.unity3d,RectTransform,10,
scenario/scenario_city-spcl-ni00101.unity3d,CanvasRenderer,6,
scenario/scenario_city-spcl-ni00101.unity3d,Animator,5,
scenario/scenario_city-spcl-ni00101.unity3d,Material,2,
scenario/scenario_city-spcl-ni00101.unity3d,Camera,2,
scenario/scenario_city-spcl-ni00101.unity3d,MeshRenderer,2,
scenario/scenario_city-spcl-ni00101.unity3d,MeshFilter,2,
scenario/scenario_city-spcl-ni00101.unity3d,SpriteRenderer,2,
scenario/scenario_city-spcl-ni00101.unity3d,PlayableDirector,2,
scenario/scenario_city-spcl-ni00101.unity3d,PreloadData,1,
scenario/scenario_city-spcl-ni00101.unity3d,AssetBundle,1,
scenario/scenario_city-spcl-ni00101.unity3d,TextAsset,1,
scenario/scenario_city-spcl-ni00101.unity3d,AnimatorController,1,
scenario/scenario_city-spcl-ni00101.unity3d,Sprite,1,
scenario/scenario_city-spcl-ni00101.unity3d,BoxCollider,1,
scenario/scenario_city-spcl-ni00101.unity3d,RenderSettings,1,
scenario/scenario_city-spcl-ni00101.unity3d,LightmapSettings,1,
scenario/scenario_city-spcl-ni00101.unity3d,NavMeshSettings,1,
scenario/scenario_city-spcl-ni00101.unity3d,Canvas,1,
scenario/scenario_city-spcl-ni00101.unity3d,LightingSettings,1,
scenario/scenario_city-spcl-ni00201.unity3d,AnimationClip,1370,
scenario/scenario_city-spcl-ni00201.unity3d,MonoBehaviour,452,
scenario/scenario_city-spcl-ni00201.unity3d,GameObject,273,
scenario/scenario_city-spcl-ni00201.unity3d,Transform,249,
scenario/scenario_city-spcl-ni00201.unity3d,MonoScript,77,
scenario/scenario_city-spcl-ni00201.unity3d,MeshRenderer,39,
scenario/scenario_city-spcl-ni00201.unity3d,MeshFilter,39,
scenario/scenario_city-spcl-ni00201.unity3d,SpriteRenderer,27,
scenario/scenario_city-spcl-ni00201.unity3d,Animator,26,
scenario/scenario_city-spcl-ni00201.unity3d,RectTransform,24,
scenario/scenario_city-spcl-ni00201.unity3d,ParticleSystem,14,
scenario/scenario_city-spcl-ni00201.unity3d,ParticleSystemRenderer,14,
scenario/scenario_city-spcl-ni00201.unity3d,Material,13,
scenario/scenario_city-spcl-ni00201.unity3d,CanvasRenderer,12,
scenario/scenario_city-spcl-ni00201.unity3d,AnimatorController,9,
scenario/scenario_city-spcl-ni00201.unity3d,BoxCollider,8,
scenario/scenario_city-spcl-ni00201.unity3d,TextAsset,7,
scenario/scenario_city-spcl-ni00201.unity3d,PlayableDirector,6,
scenario/scenario_city-spcl-ni00201.unity3d,CanvasGroup,4,
scenario/scenario_city-spcl-ni00201.unity3d,Sprite,3,
scenario/scenario_city-spcl-ni00201.unity3d,Camera,2,
scenario/scenario_city-spcl-ni00201.unity3d,PreloadData,1,
scenario/scenario_city-spcl-ni00201.unity3d,AssetBundle,1,
scenario/scenario_city-spcl-ni00201.unity3d,RenderSettings,1,
scenario/scenario_city-spcl-ni00201.unity3d,LightmapSettings,1,
scenario/scenario_city-spcl-ni00201.unity3d,NavMeshSettings,1,
scenario/scenario_city-spcl-ni00201.unity3d,Canvas,1,
scenario/scenario_city-spcl-ni00201.unity3d,LightingSettings,1,
scenario/scenario_city-spcl-ni00301.unity3d,AnimationClip,2077,
scenario/scenario_city-spcl-ni00301.unity3d,GameObject,523,
scenario/scenario_city-spcl-ni00301.unity3d,MonoBehaviour,508,
scenario/scenario_city-spcl-ni00301.unity3d,Transform,490,
scenario/scenario_city-spcl-ni00301.unity3d,MeshRenderer,148,
scenario/scenario_city-spcl-ni00301.unity3d,MeshFilter,148,
scenario/scenario_city-spcl-ni00301.unity3d,Animator,121,
scenario/scenario_city-spcl-ni00301.unity3d,MonoScript,61,
scenario/scenario_city-spcl-ni00301.unity3d,SpriteRenderer,48,
scenario/scenario_city-spcl-ni00301.unity3d,RectTransform,33,
scenario/scenario_city-spcl-ni00301.unity3d,AnimatorController,24,
scenario/scenario_city-spcl-ni00301.unity3d,CanvasRenderer,22,
scenario/scenario_city-spcl-ni00301.unity3d,BoxCollider,18,
scenario/scenario_city-spcl-ni00301.unity3d,ParticleSystem,12,
scenario/scenario_city-spcl-ni00301.unity3d,ParticleSystemRenderer,12,
scenario/scenario_city-spcl-ni00301.unity3d,Material,10,
scenario/scenario_city-spcl-ni00301.unity3d,TextAsset,10,
scenario/scenario_city-spcl-ni00301.unity3d,PlayableDirector,8,
scenario/scenario_city-spcl-ni00301.unity3d,Light,5,
scenario/scenario_city-spcl-ni00301.unity3d,Sprite,3,
scenario/scenario_city-spcl-ni00301.unity3d,Camera,2,
scenario/scenario_city-spcl-ni00301.unity3d,MeshCollider,2,
scenario/scenario_city-spcl-ni00301.unity3d,PreloadData,1,
scenario/scenario_city-spcl-ni00301.unity3d,AssetBundle,1,
scenario/scenario_city-spcl-ni00301.unity3d,Texture2D,1,
scenario/scenario_city-spcl-ni00301.unity3d,RenderSettings,1,
scenario/scenario_city-spcl-ni00301.unity3d,LightmapSettings,1,
scenario/scenario_city-spcl-ni00301.unity3d,NavMeshSettings,1,
scenario/scenario_city-spcl-ni00301.unity3d,Canvas,1,
scenario/scenario_city-spcl-ni00301.unity3d,Grid,1,
scenario/scenario_city-spcl-ni00301.unity3d,TilemapRenderer,1,
scenario/scenario_city-spcl-ni00301.unity3d,LightingSettings,1,
scenario/scenario_city-spcl-ni00301.unity3d,Tilemap,1,
scenario/scenario_city-spcl-ni00401.unity3d,AnimationClip,2543,
scenario/scenario_city-spcl-ni00401.unity3d,MonoBehaviour,1435,
scenario/scenario_city-spcl-ni00401.unity3d,GameObject,948,
scenario/scenario_city-spcl-ni00401.unity3d,Transform,796,
scenario/scenario_city-spcl-ni00401.unity3d,MeshRenderer,197,
scenario/scenario_city-spcl-ni00401.unity3d,MeshFilter,197,
scenario/scenario_city-spcl-ni00401.unity3d,Animator,189,
scenario/scenario_city-spcl-ni00401.unity3d,RectTransform,152,
scenario/scenario_city-spcl-ni00401.unity3d,CanvasRenderer,100,
scenario/scenario_city-spcl-ni00401.unity3d,MonoScript,88,
scenario/scenario_city-spcl-ni00401.unity3d,SpriteRenderer,82,
scenario/scenario_city-spcl-ni00401.unity3d,AnimatorController,35,
scenario/scenario_city-spcl-ni00401.unity3d,BoxCollider,27,
scenario/scenario_city-spcl-ni00401.unity3d,ParticleSystem,27,
scenario/scenario_city-spcl-ni00401.unity3d,ParticleSystemRenderer,27,
scenario/scenario_city-spcl-ni00401.unity3d,Material,20,
scenario/scenario_city-spcl-ni00401.unity3d,TextAsset,18,
scenario/scenario_city-spcl-ni00401.unity3d,CanvasGroup,14,
scenario/scenario_city-spcl-ni00401.unity3d,Sprite,7,
scenario/scenario_city-spcl-ni00401.unity3d,PlayableDirector,7,
scenario/scenario_city-spcl-ni00401.unity3d,Camera,2,
scenario/scenario_city-spcl-ni00401.unity3d,PreloadData,1,
scenario/scenario_city-spcl-ni00401.unity3d,AssetBundle,1,
scenario/scenario_city-spcl-ni00401.unity3d,RenderSettings,1,
scenario/scenario_city-spcl-ni00401.unity3d,Light,1,
scenario/scenario_city-spcl-ni00401.unity3d,LightmapSettings,1,
scenario/scenario_city-spcl-ni00401.unity3d,NavMeshSettings,1,
scenario/scenario_city-spcl-ni00401.unity3d,Canvas,1,
scenario/scenario_city-spcl-ni00401.unity3d,LightingSettings,1,
scenario/scenario_city-spcl-ni00701.unity3d,AnimationClip,2136,
scenario/scenario_city-spcl-ni00701.unity3d,GameObject,1549,
scenario/scenario_city-spcl-ni00701.unity3d,Transform,1460,
scenario/scenario_city-spcl-ni00701.unity3d,MonoBehaviour,779,
scenario/scenario_city-spcl-ni00701.unity3d,Animator,168,
scenario/scenario_city-spcl-ni00701.unity3d,SpriteRenderer,165,
scenario/scenario_city-spcl-ni00701.unity3d,MeshRenderer,115,
scenario/scenario_city-spcl-ni00701.unity3d,MeshFilter,115,
scenario/scenario_city-spcl-ni00701.unity3d,RectTransform,89,
scenario/scenario_city-spcl-ni00701.unity3d,BoxCollider,69,
scenario/scenario_city-spcl-ni00701.unity3d,MonoScript,59,
scenario/scenario_city-spcl-ni00701.unity3d,CanvasRenderer,55,
scenario/scenario_city-spcl-ni00701.unity3d,AnimatorController,36,
scenario/scenario_city-spcl-ni00701.unity3d,TextAsset,28,
scenario/scenario_city-spcl-ni00701.unity3d,CanvasGroup,14,
scenario/scenario_city-spcl-ni00701.unity3d,Material,10,
scenario/scenario_city-spcl-ni00701.unity3d,ParticleSystem,8,
scenario/scenario_city-spcl-ni00701.unity3d,ParticleSystemRenderer,8,
scenario/scenario_city-spcl-ni00701.unity3d,Sprite,5,
scenario/scenario_city-spcl-ni00701.unity3d,PlayableDirector,4,
scenario/scenario_city-spcl-ni00701.unity3d,Camera,2,
scenario/scenario_city-spcl-ni00701.unity3d,PreloadData,1,
scenario/scenario_city-spcl-ni00701.unity3d,AssetBundle,1,
scenario/scenario_city-spcl-ni00701.unity3d,RenderSettings,1,
scenario/scenario_city-spcl-ni00701.unity3d,Light,1,
scenario/scenario_city-spcl-ni00701.unity3d,LightmapSettings,1,
scenario/scenario_city-spcl-ni00701.unity3d,NavMeshSettings,1,
scenario/scenario_city-spcl-ni00701.unity3d,Canvas,1,
scenario/scenario_city-spcl-ni00701.unity3d,LightingSettings,1,
scenario/scenario_city-spcl-nith00301.unity3d,AnimationClip,1449,
scenario/scenario_city-spcl-nith00301.unity3d,MonoBehaviour,467,
scenario/scenario_city-spcl-nith00301.unity3d,GameObject,314,
scenario/scenario_city-spcl-nith00301.unity3d,Transform,274,
scenario/scenario_city-spcl-nith00301.unity3d,MonoScript,80,
scenario/scenario_city-spcl-nith00301.unity3d,Animator,52,
scenario/scenario_city-spcl-nith00301.unity3d,MeshRenderer,46,
scenario/scenario_city-spcl-nith00301.unity3d,MeshFilter,46,
scenario/scenario_city-spcl-nith00301.unity3d,RectTransform,40,
scenario/scenario_city-spcl-nith00301.unity3d,SpriteRenderer,31,
scenario/scenario_city-spcl-nith00301.unity3d,CanvasRenderer,25,
scenario/scenario_city-spcl-nith00301.unity3d,AnimatorController,17,
scenario/scenario_city-spcl-nith00301.unity3d,BoxCollider,14,
scenario/scenario_city-spcl-nith00301.unity3d,Material,13,
scenario/scenario_city-spcl-nith00301.unity3d,ParticleSystem,12,
scenario/scenario_city-spcl-nith00301.unity3d,ParticleSystemRenderer,12,
scenario/scenario_city-spcl-nith00301.unity3d,PlayableDirector,8,
scenario/scenario_city-spcl-nith00301.unity3d,TextAsset,7,
scenario/scenario_city-spcl-nith00301.unity3d,Sprite,5,
scenario/scenario_city-spcl-nith00301.unity3d,Light,4,
scenario/scenario_city-spcl-nith00301.unity3d,Camera,2,
scenario/scenario_city-spcl-nith00301.unity3d,MeshCollider,2,
scenario/scenario_city-spcl-nith00301.unity3d,CanvasGroup,2,
scenario/scenario_city-spcl-nith00301.unity3d,PreloadData,1,
scenario/scenario_city-spcl-nith00301.unity3d,AssetBundle,1,
scenario/scenario_city-spcl-nith00301.unity3d,RenderSettings,1,
scenario/scenario_city-spcl-nith00301.unity3d,LightmapSettings,1,
scenario/scenario_city-spcl-nith00301.unity3d,NavMeshSettings,1,
scenario/scenario_city-spcl-nith00301.unity3d,Canvas,1,
scenario/scenario_city-spcl-nith00301.unity3d,Grid,1,
scenario/scenario_city-spcl-nith00301.unity3d,TilemapRenderer,1,
scenario/scenario_city-spcl-nith00301.unity3d,LightingSettings,1,
scenario/scenario_city-spcl-nith00301.unity3d,Tilemap,1,
scenario/scenario_cook_2.unity3d,MonoBehaviour,1092,
scenario/scenario_cook_2.unity3d,GameObject,595,
scenario/scenario_cook_2.unity3d,RectTransform,570,
scenario/scenario_cook_2.unity3d,CanvasRenderer,375,
scenario/scenario_cook_2.unity3d,Animator,85,
scenario/scenario_cook_2.unity3d,MonoScript,64,
scenario/scenario_cook_2.unity3d,CanvasGroup,42,
scenario/scenario_cook_2.unity3d,ParticleSystem,27,
scenario/scenario_cook_2.unity3d,ParticleSystemRenderer,27,
scenario/scenario_cook_2.unity3d,Transform,25,
scenario/scenario_cook_2.unity3d,Animation,19,
scenario/scenario_cook_2.unity3d,AnimationClip,15,
scenario/scenario_cook_2.unity3d,PlayableDirector,12,
scenario/scenario_cook_2.unity3d,Canvas,11,
scenario/scenario_cook_2.unity3d,Sprite,10,
scenario/scenario_cook_2.unity3d,Material,9,
scenario/scenario_cook_2.unity3d,AnimatorController,3,
scenario/scenario_cook_2.unity3d,Camera,2,
scenario/scenario_cook_2.unity3d,MeshRenderer,2,
scenario/scenario_cook_2.unity3d,MeshFilter,2,
scenario/scenario_cook_2.unity3d,PreloadData,1,
scenario/scenario_cook_2.unity3d,AssetBundle,1,
scenario/scenario_cook_2.unity3d,MeshCollider,1,
scenario/scenario_cook_2.unity3d,RenderSettings,1,
scenario/scenario_cook_2.unity3d,LightmapSettings,1,
scenario/scenario_cook_2.unity3d,NavMeshSettings,1,
scenario/scenario_cook_2.unity3d,LightingSettings,1,
scenario/scenario_createchar.unity3d,MonoBehaviour,307,
scenario/scenario_createchar.unity3d,AnimationClip,253,
scenario/scenario_createchar.unity3d,GameObject,234,
scenario/scenario_createchar.unity3d,Transform,120,
scenario/scenario_createchar.unity3d,RectTransform,114,
scenario/scenario_createchar.unity3d,MonoScript,77,
scenario/scenario_createchar.unity3d,CanvasRenderer,77,
scenario/scenario_createchar.unity3d,ParticleSystem,60,
scenario/scenario_createchar.unity3d,ParticleSystemRenderer,60,
scenario/scenario_createchar.unity3d,Material,44,
scenario/scenario_createchar.unity3d,CanvasGroup,28,
scenario/scenario_createchar.unity3d,Sprite,18,
scenario/scenario_createchar.unity3d,Animator,16,
scenario/scenario_createchar.unity3d,MeshRenderer,9,
scenario/scenario_createchar.unity3d,MeshFilter,9,
scenario/scenario_createchar.unity3d,PlayableDirector,6,
scenario/scenario_createchar.unity3d,MeshCollider,4,
scenario/scenario_createchar.unity3d,AnimatorController,2,
scenario/scenario_createchar.unity3d,Camera,2,
scenario/scenario_createchar.unity3d,SpriteRenderer,2,
scenario/scenario_createchar.unity3d,PreloadData,1,
scenario/scenario_createchar.unity3d,AssetBundle,1,
scenario/scenario_createchar.unity3d,TextAsset,1,
scenario/scenario_createchar.unity3d,BoxCollider,1,
scenario/scenario_createchar.unity3d,RenderSettings,1,
scenario/scenario_createchar.unity3d,Animation,1,
scenario/scenario_createchar.unity3d,LightmapSettings,1,
scenario/scenario_createchar.unity3d,NavMeshSettings,1,
scenario/scenario_createchar.unity3d,Canvas,1,
scenario/scenario_createchar.unity3d,LightingSettings,1,
scenario/scenario_desert-os-da01101.unity3d,MonoBehaviour,1934,
scenario/scenario_desert-os-da01101.unity3d,AnimationClip,1123,
scenario/scenario_desert-os-da01101.unity3d,GameObject,956,
scenario/scenario_desert-os-da01101.unity3d,Transform,904,
scenario/scenario_desert-os-da01101.unity3d,Animator,142,
scenario/scenario_desert-os-da01101.unity3d,MeshRenderer,102,
scenario/scenario_desert-os-da01101.unity3d,MeshFilter,102,
scenario/scenario_desert-os-da01101.unity3d,SpriteRenderer,88,
scenario/scenario_desert-os-da01101.unity3d,MonoScript,64,
scenario/scenario_desert-os-da01101.unity3d,RectTransform,52,
scenario/scenario_desert-os-da01101.unity3d,BoxCollider,41,
scenario/scenario_desert-os-da01101.unity3d,CanvasRenderer,34,
scenario/scenario_desert-os-da01101.unity3d,AnimatorController,21,
scenario/scenario_desert-os-da01101.unity3d,TextAsset,17,
scenario/scenario_desert-os-da01101.unity3d,PlayableDirector,12,
scenario/scenario_desert-os-da01101.unity3d,Material,7,
scenario/scenario_desert-os-da01101.unity3d,Sprite,3,
scenario/scenario_desert-os-da01101.unity3d,ParticleSystem,3,
scenario/scenario_desert-os-da01101.unity3d,ParticleSystemRenderer,3,
scenario/scenario_desert-os-da01101.unity3d,Camera,2,
scenario/scenario_desert-os-da01101.unity3d,PreloadData,1,
scenario/scenario_desert-os-da01101.unity3d,AssetBundle,1,
scenario/scenario_desert-os-da01101.unity3d,Mesh,1,
scenario/scenario_desert-os-da01101.unity3d,RenderSettings,1,
scenario/scenario_desert-os-da01101.unity3d,LightmapSettings,1,
scenario/scenario_desert-os-da01101.unity3d,NavMeshSettings,1,
scenario/scenario_desert-os-da01101.unity3d,Canvas,1,
scenario/scenario_desert-os-da01201.unity3d,AnimationClip,995,
scenario/scenario_desert-os-da01201.unity3d,MonoBehaviour,800,
scenario/scenario_desert-os-da01201.unity3d,GameObject,434,
scenario/scenario_desert-os-da01201.unity3d,Transform,348,
scenario/scenario_desert-os-da01201.unity3d,RectTransform,86,
scenario/scenario_desert-os-da01201.unity3d,MonoScript,84,
scenario/scenario_desert-os-da01201.unity3d,MeshRenderer,62,
scenario/scenario_desert-os-da01201.unity3d,MeshFilter,62,
scenario/scenario_desert-os-da01201.unity3d,Animator,53,
scenario/scenario_desert-os-da01201.unity3d,CanvasRenderer,47,
scenario/scenario_desert-os-da01201.unity3d,SpriteRenderer,32,
scenario/scenario_desert-os-da01201.unity3d,CanvasGroup,26,
scenario/scenario_desert-os-da01201.unity3d,AnimatorController,15,
scenario/scenario_desert-os-da01201.unity3d,BoxCollider,14,
scenario/scenario_desert-os-da01201.unity3d,Material,11,
scenario/scenario_desert-os-da01201.unity3d,TextAsset,10,
scenario/scenario_desert-os-da01201.unity3d,PlayableDirector,7,
scenario/scenario_desert-os-da01201.unity3d,ParticleSystem,6,
scenario/scenario_desert-os-da01201.unity3d,ParticleSystemRenderer,6,
scenario/scenario_desert-os-da01201.unity3d,Sprite,5,
scenario/scenario_desert-os-da01201.unity3d,Camera,2,
scenario/scenario_desert-os-da01201.unity3d,PreloadData,1,
scenario/scenario_desert-os-da01201.unity3d,AssetBundle,1,
scenario/scenario_desert-os-da01201.unity3d,AnimatorOverrideController,1,
scenario/scenario_desert-os-da01201.unity3d,RenderSettings,1,
scenario/scenario_desert-os-da01201.unity3d,LightmapSettings,1,
scenario/scenario_desert-os-da01201.unity3d,NavMeshSettings,1,
scenario/scenario_desert-os-da01201.unity3d,Canvas,1,
scenario/scenario_desert-os-da01201.unity3d,LightingSettings,1,
scenario/scenario_desert-spcl-da00101.unity3d,MonoBehaviour,1028,
scenario/scenario_desert-spcl-da00101.unity3d,AnimationClip,753,
scenario/scenario_desert-spcl-da00101.unity3d,GameObject,360,
scenario/scenario_desert-spcl-da00101.unity3d,Transform,309,
scenario/scenario_desert-spcl-da00101.unity3d,MeshRenderer,88,
scenario/scenario_desert-spcl-da00101.unity3d,MeshFilter,88,
scenario/scenario_desert-spcl-da00101.unity3d,MonoScript,78,
scenario/scenario_desert-spcl-da00101.unity3d,RectTransform,51,
scenario/scenario_desert-spcl-da00101.unity3d,Animator,42,
scenario/scenario_desert-spcl-da00101.unity3d,CanvasRenderer,27,
scenario/scenario_desert-spcl-da00101.unity3d,SpriteRenderer,26,
scenario/scenario_desert-spcl-da00101.unity3d,ParticleSystem,15,
scenario/scenario_desert-spcl-da00101.unity3d,ParticleSystemRenderer,15,
scenario/scenario_desert-spcl-da00101.unity3d,CanvasGroup,14,
scenario/scenario_desert-spcl-da00101.unity3d,AnimatorController,13,
scenario/scenario_desert-spcl-da00101.unity3d,Material,11,
scenario/scenario_desert-spcl-da00101.unity3d,PlayableDirector,11,
scenario/scenario_desert-spcl-da00101.unity3d,BoxCollider,8,
scenario/scenario_desert-spcl-da00101.unity3d,TextAsset,6,
scenario/scenario_desert-spcl-da00101.unity3d,Sprite,5,
scenario/scenario_desert-spcl-da00101.unity3d,Camera,2,
scenario/scenario_desert-spcl-da00101.unity3d,PreloadData,1,
scenario/scenario_desert-spcl-da00101.unity3d,AssetBundle,1,
scenario/scenario_desert-spcl-da00101.unity3d,RenderSettings,1,
scenario/scenario_desert-spcl-da00101.unity3d,LightmapSettings,1,
scenario/scenario_desert-spcl-da00101.unity3d,NavMeshSettings,1,
scenario/scenario_desert-spcl-da00101.unity3d,Canvas,1,
scenario/scenario_desert-spcl-da00101.unity3d,LightingSettings,1,
scenario/scenario_desert-spcl-da00201-1.unity3d,GameObject,3367,
scenario/scenario_desert-spcl-da00201-1.unity3d,MonoBehaviour,3318,
scenario/scenario_desert-spcl-da00201-1.unity3d,Transform,2985,
scenario/scenario_desert-spcl-da00201-1.unity3d,AnimationClip,2420,
scenario/scenario_desert-spcl-da00201-1.unity3d,MeshRenderer,512,
scenario/scenario_desert-spcl-da00201-1.unity3d,MeshFilter,512,
scenario/scenario_desert-spcl-da00201-1.unity3d,RectTransform,382,
scenario/scenario_desert-spcl-da00201-1.unity3d,Animator,374,
scenario/scenario_desert-spcl-da00201-1.unity3d,SpriteRenderer,269,
scenario/scenario_desert-spcl-da00201-1.unity3d,CanvasRenderer,263,
scenario/scenario_desert-spcl-da00201-1.unity3d,BoxCollider,127,
scenario/scenario_desert-spcl-da00201-1.unity3d,ParticleSystem,100,
scenario/scenario_desert-spcl-da00201-1.unity3d,ParticleSystemRenderer,100,
scenario/scenario_desert-spcl-da00201-1.unity3d,MonoScript,65,
scenario/scenario_desert-spcl-da00201-1.unity3d,Material,38,
scenario/scenario_desert-spcl-da00201-1.unity3d,AnimatorController,32,
scenario/scenario_desert-spcl-da00201-1.unity3d,TextAsset,24,
scenario/scenario_desert-spcl-da00201-1.unity3d,PlayableDirector,16,
scenario/scenario_desert-spcl-da00201-1.unity3d,CanvasGroup,14,
scenario/scenario_desert-spcl-da00201-1.unity3d,Sprite,7,
scenario/scenario_desert-spcl-da00201-1.unity3d,Light,3,
scenario/scenario_desert-spcl-da00201-1.unity3d,Camera,2,
scenario/scenario_desert-spcl-da00201-1.unity3d,PreloadData,1,
scenario/scenario_desert-spcl-da00201-1.unity3d,AssetBundle,1,
scenario/scenario_desert-spcl-da00201-1.unity3d,RenderSettings,1,
scenario/scenario_desert-spcl-da00201-1.unity3d,LightmapSettings,1,
scenario/scenario_desert-spcl-da00201-1.unity3d,NavMeshSettings,1,
scenario/scenario_desert-spcl-da00201-1.unity3d,Canvas,1,
scenario/scenario_desert-spcl-da00201-1.unity3d,LightingSettings,1,
scenario/scenario_desert-spcl-da00201-2.unity3d,GameObject,3976,
scenario/scenario_desert-spcl-da00201-2.unity3d,Transform,3910,
scenario/scenario_desert-spcl-da00201-2.unity3d,MonoBehaviour,2494,
scenario/scenario_desert-spcl-da00201-2.unity3d,AnimationClip,1419,
scenario/scenario_desert-spcl-da00201-2.unity3d,SpriteRenderer,397,
scenario/scenario_desert-spcl-da00201-2.unity3d,MeshRenderer,363,
scenario/scenario_desert-spcl-da00201-2.unity3d,MeshFilter,363,
scenario/scenario_desert-spcl-da00201-2.unity3d,Animator,341,
scenario/scenario_desert-spcl-da00201-2.unity3d,BoxCollider,194,
scenario/scenario_desert-spcl-da00201-2.unity3d,RectTransform,66,
scenario/scenario_desert-spcl-da00201-2.unity3d,MonoScript,53,
scenario/scenario_desert-spcl-da00201-2.unity3d,CanvasRenderer,46,
scenario/scenario_desert-spcl-da00201-2.unity3d,AnimatorController,22,
scenario/scenario_desert-spcl-da00201-2.unity3d,TextAsset,16,
scenario/scenario_desert-spcl-da00201-2.unity3d,Material,8,
scenario/scenario_desert-spcl-da00201-2.unity3d,Sprite,5,
scenario/scenario_desert-spcl-da00201-2.unity3d,ParticleSystem,5,
scenario/scenario_desert-spcl-da00201-2.unity3d,ParticleSystemRenderer,5,
scenario/scenario_desert-spcl-da00201-2.unity3d,PlayableDirector,5,
scenario/scenario_desert-spcl-da00201-2.unity3d,Camera,2,
scenario/scenario_desert-spcl-da00201-2.unity3d,PreloadData,1,
scenario/scenario_desert-spcl-da00201-2.unity3d,AssetBundle,1,
scenario/scenario_desert-spcl-da00201-2.unity3d,RenderSettings,1,
scenario/scenario_desert-spcl-da00201-2.unity3d,LightmapSettings,1,
scenario/scenario_desert-spcl-da00201-2.unity3d,NavMeshSettings,1,
scenario/scenario_desert-spcl-da00201-2.unity3d,Canvas,1,
scenario/scenario_desert-spcl-da00201-2.unity3d,LightingSettings,1,
scenario/scenario_desert-spcl-da00201.unity3d,AnimationClip,539,
scenario/scenario_desert-spcl-da00201.unity3d,MonoBehaviour,483,
scenario/scenario_desert-spcl-da00201.unity3d,GameObject,259,
scenario/scenario_desert-spcl-da00201.unity3d,Transform,245,
scenario/scenario_desert-spcl-da00201.unity3d,MeshRenderer,50,
scenario/scenario_desert-spcl-da00201.unity3d,MeshFilter,50,
scenario/scenario_desert-spcl-da00201.unity3d,MonoScript,45,
scenario/scenario_desert-spcl-da00201.unity3d,Animator,27,
scenario/scenario_desert-spcl-da00201.unity3d,SpriteRenderer,20,
scenario/scenario_desert-spcl-da00201.unity3d,RectTransform,14,
scenario/scenario_desert-spcl-da00201.unity3d,AnimatorController,9,
scenario/scenario_desert-spcl-da00201.unity3d,BoxCollider,9,
scenario/scenario_desert-spcl-da00201.unity3d,CanvasRenderer,8,
scenario/scenario_desert-spcl-da00201.unity3d,TextAsset,7,
scenario/scenario_desert-spcl-da00201.unity3d,PlayableDirector,7,
scenario/scenario_desert-spcl-da00201.unity3d,Material,5,
scenario/scenario_desert-spcl-da00201.unity3d,Camera,2,
scenario/scenario_desert-spcl-da00201.unity3d,PreloadData,1,
scenario/scenario_desert-spcl-da00201.unity3d,AssetBundle,1,
scenario/scenario_desert-spcl-da00201.unity3d,Sprite,1,
scenario/scenario_desert-spcl-da00201.unity3d,RenderSettings,1,
scenario/scenario_desert-spcl-da00201.unity3d,LightmapSettings,1,
scenario/scenario_desert-spcl-da00201.unity3d,NavMeshSettings,1,
scenario/scenario_desert-spcl-da00201.unity3d,ParticleSystem,1,
scenario/scenario_desert-spcl-da00201.unity3d,ParticleSystemRenderer,1,
scenario/scenario_desert-spcl-da00201.unity3d,Canvas,1,
scenario/scenario_desert-spcl-da00201.unity3d,LightingSettings,1,
scenario/scenario_desert-spcl-ni00201-1.unity3d,AnimationClip,773,
scenario/scenario_desert-spcl-ni00201-1.unity3d,MonoBehaviour,580,
scenario/scenario_desert-spcl-ni00201-1.unity3d,GameObject,358,
scenario/scenario_desert-spcl-ni00201-1.unity3d,Transform,237,
scenario/scenario_desert-spcl-ni00201-1.unity3d,RectTransform,121,
scenario/scenario_desert-spcl-ni00201-1.unity3d,CanvasRenderer,77,
scenario/scenario_desert-spcl-ni00201-1.unity3d,MonoScript,61,
scenario/scenario_desert-spcl-ni00201-1.unity3d,MeshRenderer,50,
scenario/scenario_desert-spcl-ni00201-1.unity3d,MeshFilter,50,
scenario/scenario_desert-spcl-ni00201-1.unity3d,Animator,46,
scenario/scenario_desert-spcl-ni00201-1.unity3d,SpriteRenderer,21,
scenario/scenario_desert-spcl-ni00201-1.unity3d,ParticleSystem,19,
scenario/scenario_desert-spcl-ni00201-1.unity3d,ParticleSystemRenderer,19,
scenario/scenario_desert-spcl-ni00201-1.unity3d,Material,18,
scenario/scenario_desert-spcl-ni00201-1.unity3d,CanvasGroup,14,
scenario/scenario_desert-spcl-ni00201-1.unity3d,AnimatorController,12,
scenario/scenario_desert-spcl-ni00201-1.unity3d,BoxCollider,7,
scenario/scenario_desert-spcl-ni00201-1.unity3d,PlayableDirector,7,
scenario/scenario_desert-spcl-ni00201-1.unity3d,TextAsset,6,
scenario/scenario_desert-spcl-ni00201-1.unity3d,Sprite,5,
scenario/scenario_desert-spcl-ni00201-1.unity3d,Camera,2,
scenario/scenario_desert-spcl-ni00201-1.unity3d,PreloadData,1,
scenario/scenario_desert-spcl-ni00201-1.unity3d,AssetBundle,1,
scenario/scenario_desert-spcl-ni00201-1.unity3d,RenderSettings,1,
scenario/scenario_desert-spcl-ni00201-1.unity3d,LightmapSettings,1,
scenario/scenario_desert-spcl-ni00201-1.unity3d,NavMeshSettings,1,
scenario/scenario_desert-spcl-ni00201-1.unity3d,Canvas,1,
scenario/scenario_desert-spcl-ni00201-1.unity3d,LightingSettings,1,
scenario/scenario_desert-spcl-ni00201.unity3d,GameObject,2457,
scenario/scenario_desert-spcl-ni00201.unity3d,MonoBehaviour,2352,
scenario/scenario_desert-spcl-ni00201.unity3d,Transform,2238,
scenario/scenario_desert-spcl-ni00201.unity3d,AnimationClip,1269,
scenario/scenario_desert-spcl-ni00201.unity3d,Animator,291,
scenario/scenario_desert-spcl-ni00201.unity3d,SpriteRenderer,231,
scenario/scenario_desert-spcl-ni00201.unity3d,RectTransform,219,
scenario/scenario_desert-spcl-ni00201.unity3d,CanvasRenderer,145,
scenario/scenario_desert-spcl-ni00201.unity3d,MeshRenderer,141,
scenario/scenario_desert-spcl-ni00201.unity3d,MeshFilter,141,
scenario/scenario_desert-spcl-ni00201.unity3d,BoxCollider,114,
scenario/scenario_desert-spcl-ni00201.unity3d,MonoScript,81,
scenario/scenario_desert-spcl-ni00201.unity3d,AnimatorController,19,
scenario/scenario_desert-spcl-ni00201.unity3d,CanvasGroup,16,
scenario/scenario_desert-spcl-ni00201.unity3d,TextAsset,15,
scenario/scenario_desert-spcl-ni00201.unity3d,Material,10,
scenario/scenario_desert-spcl-ni00201.unity3d,PlayableDirector,9,
scenario/scenario_desert-spcl-ni00201.unity3d,Sprite,7,
scenario/scenario_desert-spcl-ni00201.unity3d,ParticleSystem,6,
scenario/scenario_desert-spcl-ni00201.unity3d,ParticleSystemRenderer,6,
scenario/scenario_desert-spcl-ni00201.unity3d,Camera,2,
scenario/scenario_desert-spcl-ni00201.unity3d,PreloadData,1,
scenario/scenario_desert-spcl-ni00201.unity3d,AssetBundle,1,
scenario/scenario_desert-spcl-ni00201.unity3d,RenderSettings,1,
scenario/scenario_desert-spcl-ni00201.unity3d,Light,1,
scenario/scenario_desert-spcl-ni00201.unity3d,LightmapSettings,1,
scenario/scenario_desert-spcl-ni00201.unity3d,NavMeshSettings,1,
scenario/scenario_desert-spcl-ni00201.unity3d,Canvas,1,
scenario/scenario_desert-spcl-ni00201.unity3d,LightingSettings,1,
scenario/scenario_dls_virtual-sky-da00101.unity3d,AnimationClip,243,
scenario/scenario_dls_virtual-sky-da00101.unity3d,MonoBehaviour,70,
scenario/scenario_dls_virtual-sky-da00101.unity3d,GameObject,47,
scenario/scenario_dls_virtual-sky-da00101.unity3d,MonoScript,42,
scenario/scenario_dls_virtual-sky-da00101.unity3d,Transform,37,
scenario/scenario_dls_virtual-sky-da00101.unity3d,RectTransform,10,
scenario/scenario_dls_virtual-sky-da00101.unity3d,CanvasRenderer,6,
scenario/scenario_dls_virtual-sky-da00101.unity3d,Animator,5,
scenario/scenario_dls_virtual-sky-da00101.unity3d,PlayableDirector,4,
scenario/scenario_dls_virtual-sky-da00101.unity3d,Material,2,
scenario/scenario_dls_virtual-sky-da00101.unity3d,Camera,2,
scenario/scenario_dls_virtual-sky-da00101.unity3d,MeshRenderer,2,
scenario/scenario_dls_virtual-sky-da00101.unity3d,MeshFilter,2,
scenario/scenario_dls_virtual-sky-da00101.unity3d,SpriteRenderer,2,
scenario/scenario_dls_virtual-sky-da00101.unity3d,PreloadData,1,
scenario/scenario_dls_virtual-sky-da00101.unity3d,AssetBundle,1,
scenario/scenario_dls_virtual-sky-da00101.unity3d,TextAsset,1,
scenario/scenario_dls_virtual-sky-da00101.unity3d,AnimatorController,1,
scenario/scenario_dls_virtual-sky-da00101.unity3d,Sprite,1,
scenario/scenario_dls_virtual-sky-da00101.unity3d,BoxCollider,1,
scenario/scenario_dls_virtual-sky-da00101.unity3d,RenderSettings,1,
scenario/scenario_dls_virtual-sky-da00101.unity3d,LightmapSettings,1,
scenario/scenario_dls_virtual-sky-da00101.unity3d,NavMeshSettings,1,
scenario/scenario_dls_virtual-sky-da00101.unity3d,Canvas,1,
scenario/scenario_dls_virtual-sky-da00101.unity3d,LightingSettings,1,
scenario/scenario_dls_virtual-sky-da00201.unity3d,AnimationClip,2691,
scenario/scenario_dls_virtual-sky-da00201.unity3d,MonoBehaviour,1711,
scenario/scenario_dls_virtual-sky-da00201.unity3d,GameObject,862,
scenario/scenario_dls_virtual-sky-da00201.unity3d,Transform,713,
scenario/scenario_dls_virtual-sky-da00201.unity3d,MeshRenderer,269,
scenario/scenario_dls_virtual-sky-da00201.unity3d,MeshFilter,269,
scenario/scenario_dls_virtual-sky-da00201.unity3d,RectTransform,149,
scenario/scenario_dls_virtual-sky-da00201.unity3d,Animator,112,
scenario/scenario_dls_virtual-sky-da00201.unity3d,CanvasRenderer,97,
scenario/scenario_dls_virtual-sky-da00201.unity3d,MonoScript,88,
scenario/scenario_dls_virtual-sky-da00201.unity3d,ParticleSystem,63,
scenario/scenario_dls_virtual-sky-da00201.unity3d,ParticleSystemRenderer,63,
scenario/scenario_dls_virtual-sky-da00201.unity3d,SpriteRenderer,42,
scenario/scenario_dls_virtual-sky-da00201.unity3d,Material,35,
scenario/scenario_dls_virtual-sky-da00201.unity3d,AnimatorController,25,
scenario/scenario_dls_virtual-sky-da00201.unity3d,TextAsset,17,
scenario/scenario_dls_virtual-sky-da00201.unity3d,BoxCollider,17,
scenario/scenario_dls_virtual-sky-da00201.unity3d,CanvasGroup,14,
scenario/scenario_dls_virtual-sky-da00201.unity3d,PlayableDirector,11,
scenario/scenario_dls_virtual-sky-da00201.unity3d,Sprite,7,
scenario/scenario_dls_virtual-sky-da00201.unity3d,MeshCollider,3,
scenario/scenario_dls_virtual-sky-da00201.unity3d,Camera,2,
scenario/scenario_dls_virtual-sky-da00201.unity3d,Light,2,
scenario/scenario_dls_virtual-sky-da00201.unity3d,PreloadData,1,
scenario/scenario_dls_virtual-sky-da00201.unity3d,AssetBundle,1,
scenario/scenario_dls_virtual-sky-da00201.unity3d,AnimatorOverrideController,1,
scenario/scenario_dls_virtual-sky-da00201.unity3d,RenderSettings,1,
scenario/scenario_dls_virtual-sky-da00201.unity3d,LightmapSettings,1,
scenario/scenario_dls_virtual-sky-da00201.unity3d,NavMeshSettings,1,
scenario/scenario_dls_virtual-sky-da00201.unity3d,Canvas,1,
scenario/scenario_dls_virtual-sky-da00201.unity3d,LightingSettings,1,
scenario/scenario_dls_virtual-sky-da00201_cvr01.unity3d,AnimationClip,3072,
scenario/scenario_dls_virtual-sky-da00201_cvr01.unity3d,MonoBehaviour,1747,
scenario/scenario_dls_virtual-sky-da00201_cvr01.unity3d,GameObject,923,
scenario/scenario_dls_virtual-sky-da00201_cvr01.unity3d,Transform,846,
scenario/scenario_dls_virtual-sky-da00201_cvr01.unity3d,MeshRenderer,288,
scenario/scenario_dls_virtual-sky-da00201_cvr01.unity3d,MeshFilter,288,
scenario/scenario_dls_virtual-sky-da00201_cvr01.unity3d,Animator,104,
scenario/scenario_dls_virtual-sky-da00201_cvr01.unity3d,RectTransform,77,
scenario/scenario_dls_virtual-sky-da00201_cvr01.unity3d,MonoScript,74,
scenario/scenario_dls_virtual-sky-da00201_cvr01.unity3d,SpriteRenderer,69,
scenario/scenario_dls_virtual-sky-da00201_cvr01.unity3d,ParticleSystem,60,
scenario/scenario_dls_virtual-sky-da00201_cvr01.unity3d,ParticleSystemRenderer,60,
scenario/scenario_dls_virtual-sky-da00201_cvr01.unity3d,CanvasRenderer,53,
scenario/scenario_dls_virtual-sky-da00201_cvr01.unity3d,AnimatorController,27,
scenario/scenario_dls_virtual-sky-da00201_cvr01.unity3d,BoxCollider,23,
scenario/scenario_dls_virtual-sky-da00201_cvr01.unity3d,TextAsset,20,
scenario/scenario_dls_virtual-sky-da00201_cvr01.unity3d,Material,19,
scenario/scenario_dls_virtual-sky-da00201_cvr01.unity3d,PlayableDirector,6,
scenario/scenario_dls_virtual-sky-da00201_cvr01.unity3d,Sprite,5,
scenario/scenario_dls_virtual-sky-da00201_cvr01.unity3d,Light,4,
scenario/scenario_dls_virtual-sky-da00201_cvr01.unity3d,AnimatorOverrideController,2,
scenario/scenario_dls_virtual-sky-da00201_cvr01.unity3d,Camera,2,
scenario/scenario_dls_virtual-sky-da00201_cvr01.unity3d,TrailRenderer,2,
scenario/scenario_dls_virtual-sky-da00201_cvr01.unity3d,PreloadData,1,
scenario/scenario_dls_virtual-sky-da00201_cvr01.unity3d,AssetBundle,1,
scenario/scenario_dls_virtual-sky-da00201_cvr01.unity3d,MeshCollider,1,
scenario/scenario_dls_virtual-sky-da00201_cvr01.unity3d,RenderSettings,1,
scenario/scenario_dls_virtual-sky-da00201_cvr01.unity3d,LightmapSettings,1,
scenario/scenario_dls_virtual-sky-da00201_cvr01.unity3d,NavMeshSettings,1,
scenario/scenario_dls_virtual-sky-da00201_cvr01.unity3d,Canvas,1,
scenario/scenario_dls_virtual-sky-da00201_cvr01.unity3d,LightingSettings,1,
