relative_path,parent,extension,size
atlas/activitybigstage1_atlas.unity3d,atlas,.unity3d,573203
atlas/activitybigstage2_atlas.unity3d,atlas,.unity3d,213055
atlas/missiondetail_atlas.unity3d,atlas,.unity3d,307463
atlas/operationactivity_bigstage_01_atlas.unity3d,atlas,.unity3d,175211
atlas/operationactivity_bigstage_02_atlas.unity3d,atlas,.unity3d,97873
atlas/richman2_grid_atlas.unity3d,atlas,.unity3d,174295
atlas/richman_grid_atlas.unity3d,atlas,.unity3d,19248
atlas/richman_mission_atlas.unity3d,atlas,.unity3d,514379
atlas/scenario_atlas.unity3d,atlas,.unity3d,164019
atlas/selectstage_atlas.unity3d,atlas,.unity3d,554674
atlas/terrain_atlas.unity3d,atlas,.unity3d,99303
atlas/worldmaps_atlas.unity3d,atlas,.unity3d,524178
audio/bnk_fx_buff_stagepropsshineshard_01.bnk,audio,.bnk,43663
audio/bnk_fx_buff_stagewc_swallow_01.bnk,audio,.bnk,45324
audio/bnk_fx_migeer_scene_ex.bnk,audio,.bnk,108425
audio/bnk_fx_stage1shorthair_buff_01.bnk,audio,.bnk,42378
audio/bnk_fx_stage1shorthair_buff_02.bnk,audio,.bnk,42378
audio/bnk_fx_stage1_bosschange_01.bnk,audio,.bnk,38856
audio/bnk_fx_stage1_bowl_bowlhit_01.bnk,audio,.bnk,20022
audio/bnk_fx_stage1_bowl_buffself_gn_01.bnk,audio,.bnk,31616
audio/bnk_fx_stage1_bowl_buffself_yl_01.bnk,audio,.bnk,28093
audio/bnk_fx_stage1_bowl_buff_02.bnk,audio,.bnk,20239
audio/bnk_fx_stage1_bowl_buff_03.bnk,audio,.bnk,24912
audio/bnk_fx_stage1_bowl_planeattack_01.bnk,audio,.bnk,16301
audio/bnk_fx_stage1_bowl_shield_01.bnk,audio,.bnk,28364
audio/bnk_fx_stage1_bowl_smoke_01.bnk,audio,.bnk,22848
audio/bnk_fx_stage1_eathit_02_cake.bnk,audio,.bnk,42348
audio/bnk_fx_stage1_eathit_03_cup.bnk,audio,.bnk,51379
audio/bnk_fx_stage1_eathit_04_hotpot.bnk,audio,.bnk,43610
audio/bnk_fx_stage1_eathit_05_pudding.bnk,audio,.bnk,49633
audio/bnk_fx_stage1_goods_cake_02.bnk,audio,.bnk,20389
audio/bnk_fx_stage1_goods_cup_02.bnk,audio,.bnk,29122
audio/bnk_fx_stage1_goods_hotpot_02.bnk,audio,.bnk,24467
audio/bnk_fx_stage1_goods_pudding_02.bnk,audio,.bnk,19014
audio/bnk_fx_stage1_monster_charge.bnk,audio,.bnk,28518
audio/bnk_fx_stage1_monster_nullattack_light_01.bnk,audio,.bnk,37866
audio/bnk_fx_stage1_shorthair_01.bnk,audio,.bnk,39033
audio/bnk_fx_stage1_shorthair_02.bnk,audio,.bnk,41322
audio/bnk_fx_stage1_shorthair_attacklight_01.bnk,audio,.bnk,32614
audio/bnk_fx_stage1_shorthair_buff_levelup_01.bnk,audio,.bnk,39044
audio/bnk_fx_stage1_shorthair_ex_04.bnk,audio,.bnk,70344
audio/bnk_fx_stage1_shorthair_flower_01.bnk,audio,.bnk,53248
audio/bnk_fx_stage1_shorthair_hit_01.bnk,audio,.bnk,41860
audio/bnk_fx_stage1_shorthair_holy_01.bnk,audio,.bnk,40173
audio/bnk_fx_stage1_shorthair_magiclight_01.bnk,audio,.bnk,38291
audio/bnk_fx_stage1_shorthair_magiclight_02.bnk,audio,.bnk,60335
audio/bnk_fx_stage1_shorthair_passive_01.bnk,audio,.bnk,25526
audio/bnk_fx_stage1_shorthair_torch_01.bnk,audio,.bnk,45142
audio/bnk_fx_stage1_shorthair_whitewall_01.bnk,audio,.bnk,40146
audio/bnk_fx_stage1_shorthair_whitewall_02.bnk,audio,.bnk,36023
audio/bnk_fx_stage1_t_bowl_bodycast_03.bnk,audio,.bnk,7460
audio/bnk_fx_stage1_t_bowl_bodycast_05.bnk,audio,.bnk,11270
audio/bnk_fx_stage1_t_bowl_cooking_03.bnk,audio,.bnk,37841
audio/bnk_fx_stage1_t_bowl_cooking_05.bnk,audio,.bnk,106259
audio/bnk_fx_stage1_walk_hit_01.bnk,audio,.bnk,5425
audio/bnk_fx_stagelight_nolight_01.bnk,audio,.bnk,69420
audio/bnk_fx_stagepropsgun_01.bnk,audio,.bnk,101621
audio/bnk_fx_stagepropsgun_02.bnk,audio,.bnk,88314
audio/bnk_fx_stageprops_shineshard_die_01.bnk,audio,.bnk,20819
audio/bnk_fx_stagewc_aoe_01.bnk,audio,.bnk,56864
audio/bnk_fx_stagewc_attack_01.bnk,audio,.bnk,15923
audio/bnk_fx_stagewc_ex_attack_01.bnk,audio,.bnk,59560
audio/bnk_fx_stagewc_ex_cutin_01.bnk,audio,.bnk,83877
audio/bnk_fx_stagewc_flyin_01.bnk,audio,.bnk,22171
audio/bnk_fx_stagewc_flyout_01.bnk,audio,.bnk,30129
audio/bnk_fx_stagewc_flyout_02_shadow.bnk,audio,.bnk,23947
audio/bnk_fx_stagewc_groundhit_01.bnk,audio,.bnk,17928
audio/bnk_fx_stagewc_magic_01.bnk,audio,.bnk,46789
audio/bnk_fx_stagewc_moveline_01.bnk,audio,.bnk,23589
audio/bnk_fx_stagewc_radar_01.bnk,audio,.bnk,37685
audio/bnk_fx_stagewc_readycolor_owner_01.bnk,audio,.bnk,24845
audio/bnk_fx_stagewc_ready_01.bnk,audio,.bnk,22923
audio/bnk_fx_stagewc_shadowattack_01.bnk,audio,.bnk,20925
audio/bnk_fx_stagewc_shadow_hit_01.bnk,audio,.bnk,34653
audio/bnk_fx_stagewc_spacepost_01.bnk,audio,.bnk,50230
audio/bnk_fx_stagewc_zhoushen_01.bnk,audio,.bnk,32721
audio/bnk_fx_stagewdoor_end_01.bnk,audio,.bnk,21193
audio/bnk_fx_stagewdoor_start_01.bnk,audio,.bnk,21313
audio/bnk_fx_stagewm_feather_02.bnk,audio,.bnk,10703
audio/bnk_fx_stagew_crowaoe_01.bnk,audio,.bnk,56059
audio/bnk_fx_stagew_crowhit_01.bnk,audio,.bnk,16114
audio/bnk_fx_stagew_dark_impact_01.bnk,audio,.bnk,25224
audio/bnk_fx_stagew_flyin_01.bnk,audio,.bnk,34538
audio/bnk_fx_stagew_flyin_02.bnk,audio,.bnk,26762
audio/bnk_fx_stagew_flyout_01.bnk,audio,.bnk,32803
audio/bnk_fx_stagew_soundwave_01.bnk,audio,.bnk,29539
audio/bnk_fx_stagew_soundwave_02.bnk,audio,.bnk,51700
audio/bnk_fx_stagew_wzorn_01.bnk,audio,.bnk,27741
audio/bnk_fx_stagew_wzorn_02.bnk,audio,.bnk,22771
audio/bnk_fx_stagew_wzorn_cast_01.bnk,audio,.bnk,89399
audio/bnk_scenario_secretvoice_ep0.bnk,audio,.bnk,286402
audio/bnk_scenefx_screen_noise.bnk,audio,.bnk,44299
audio/bnk_sfx_amb_scene.bnk,audio,.bnk,553189
audio/bnk_sfx_amb_stage.bnk,audio,.bnk,7317978
audio/bnk_sfx_scenario_00_S1_1.bnk,audio,.bnk,1515492
audio/bnk_sfx_scenario_00_S2_1.bnk,audio,.bnk,242059
audio/bnk_sfx_scenario_00_S2_2.bnk,audio,.bnk,489654
audio/bnk_sfx_scenario_00_S2_3.bnk,audio,.bnk,32648
audio/bnk_sfx_scenario_00_S3_1.bnk,audio,.bnk,32886
audio/bnk_sfx_scenario_00_S3_2.bnk,audio,.bnk,76553
audio/bnk_sfx_scenario_00_S3_3.bnk,audio,.bnk,139231
audio/bnk_sfx_scenario_00_S4_1.bnk,audio,.bnk,469593
audio/bnk_sfx_scenario_01_S1_1.bnk,audio,.bnk,299440
audio/bnk_sfx_scenario_01_S1_2.bnk,audio,.bnk,198963
audio/bnk_sfx_scenario_01_S2_1.bnk,audio,.bnk,339675
audio/bnk_sfx_scenario_01_S3_1.bnk,audio,.bnk,261644
audio/bnk_sfx_scenario_01_S4_1.bnk,audio,.bnk,104490
audio/bnk_sfx_scenario_01_S4_2.bnk,audio,.bnk,122900
audio/bnk_sfx_scenario_01_S4_3.bnk,audio,.bnk,89715
audio/bnk_sfx_scenario_01_S5_1.bnk,audio,.bnk,251533
audio/bnk_sfx_scenario_01_S6_1.bnk,audio,.bnk,483
audio/bnk_sfx_scenario_01_S7_1.bnk,audio,.bnk,6382
audio/bnk_sfx_scenario_alm2_01.bnk,audio,.bnk,17610
audio/bnk_sfx_scenario_alm2_02.bnk,audio,.bnk,599834
audio/bnk_sfx_scenario_alm2_03.bnk,audio,.bnk,740
audio/bnk_sfx_scenario_alm2_04.bnk,audio,.bnk,607
audio/bnk_sfx_scenario_alm2_05.bnk,audio,.bnk,288642
audio/bnk_sfx_scenario_alm2_06.bnk,audio,.bnk,99257
audio/bnk_sfx_scenario_alm2_07.bnk,audio,.bnk,28278
audio/bnk_sfx_scenario_alm2_08.bnk,audio,.bnk,75510
audio/bnk_sfx_scenario_alm2_09.bnk,audio,.bnk,61047
audio/bnk_sfx_scenario_alm2_10.bnk,audio,.bnk,134017
audio/bnk_sfx_scenario_alm2_11.bnk,audio,.bnk,552029
audio/bnk_sfx_scenario_alm2_12.bnk,audio,.bnk,56683
audio/bnk_sfx_scenario_alm2_13.bnk,audio,.bnk,27251
audio/bnk_sfx_scenario_alm2_14.bnk,audio,.bnk,137312
audio/bnk_sfx_scenario_alm2_15.bnk,audio,.bnk,632
audio/bnk_sfx_scenario_alm2_16.bnk,audio,.bnk,2540
audio/bnk_sfx_scenario_alm2_17.bnk,audio,.bnk,48
audio/bnk_sfx_scenario_alm2_18.bnk,audio,.bnk,632
audio/bnk_sfx_scenario_alm2_19.bnk,audio,.bnk,277994
audio/bnk_sfx_scenario_alm2_20.bnk,audio,.bnk,1962
audio/bnk_sfx_scenario_alm2_21.bnk,audio,.bnk,100011
audio/bnk_sfx_scenario_alm2_22.bnk,audio,.bnk,1329
audio/bnk_sfx_scenario_alm2_23.bnk,audio,.bnk,632
audio/bnk_sfx_scenario_alm2_24.bnk,audio,.bnk,29596
audio/bnk_sfx_scenario_alm2_25.bnk,audio,.bnk,1962
audio/bnk_sfx_scenario_alm2_26.bnk,audio,.bnk,27129
audio/bnk_sfx_scenario_alm2_27.bnk,audio,.bnk,632
audio/bnk_sfx_scenario_alm2_28.bnk,audio,.bnk,150301
audio/bnk_sfx_scenario_alm2_29.bnk,audio,.bnk,113147
audio/bnk_sfx_scenario_alm2_30.bnk,audio,.bnk,245290
audio/bnk_sfx_scenario_alm2_31.bnk,audio,.bnk,127090
audio/bnk_sfx_scenario_alm2_32.bnk,audio,.bnk,48
audio/bnk_sfx_scenario_alm2_33.bnk,audio,.bnk,48
audio/bnk_sfx_scenario_alm2_34.bnk,audio,.bnk,862602
audio/bnk_sfx_scenario_alm2_35.bnk,audio,.bnk,2571
audio/bnk_sfx_scenario_alm2_36.bnk,audio,.bnk,48
audio/bnk_sfx_scenario_alm2_37.bnk,audio,.bnk,628187
audio/bnk_sfx_scenario_alm2_38.bnk,audio,.bnk,628212
audio/bnk_sfx_scenario_alm2_39.bnk,audio,.bnk,853395
audio/bnk_sfx_scenario_alm2_40.bnk,audio,.bnk,483607
audio/bnk_sfx_scenario_alm2_41.bnk,audio,.bnk,48
audio/bnk_sfx_scenario_alm2_42.bnk,audio,.bnk,33266
audio/bnk_sfx_scenario_alm2_43.bnk,audio,.bnk,48
audio/bnk_sfx_scenario_alm2_44.bnk,audio,.bnk,48
audio/bnk_sfx_scenario_alm_01.bnk,audio,.bnk,77803
audio/bnk_sfx_scenario_alm_02_a.bnk,audio,.bnk,26895
audio/bnk_sfx_scenario_alm_02_b.bnk,audio,.bnk,315911
audio/bnk_sfx_scenario_alm_02_c.bnk,audio,.bnk,66270
audio/bnk_sfx_scenario_alm_03.bnk,audio,.bnk,90695
audio/bnk_sfx_scenario_alm_04_a.bnk,audio,.bnk,159556
audio/bnk_sfx_scenario_alm_04_b.bnk,audio,.bnk,99474
audio/bnk_sfx_scenario_alm_05.bnk,audio,.bnk,660331
audio/bnk_sfx_scenario_alm_06_01.bnk,audio,.bnk,860470
audio/bnk_sfx_scenario_alm_06_02.bnk,audio,.bnk,601017
audio/bnk_sfx_scenario_alm_07_a.bnk,audio,.bnk,224032
audio/bnk_sfx_scenario_alm_07_b.bnk,audio,.bnk,147651
audio/bnk_sfx_scenario_alm_08.bnk,audio,.bnk,167527
audio/bnk_sfx_scenario_alm_09.bnk,audio,.bnk,135653
audio/bnk_sfx_scenario_alm_10.bnk,audio,.bnk,166782
audio/bnk_sfx_scenario_alm_11_a.bnk,audio,.bnk,141289
audio/bnk_sfx_scenario_alm_11_b.bnk,audio,.bnk,121154
audio/bnk_sfx_scenario_alm_11_c.bnk,audio,.bnk,118434
audio/bnk_sfx_scenario_alm_12_a.bnk,audio,.bnk,110534
audio/bnk_sfx_scenario_alm_12_b.bnk,audio,.bnk,38727
audio/bnk_sfx_scenario_alm_12_c.bnk,audio,.bnk,68456
audio/bnk_sfx_scenario_alm_12_d.bnk,audio,.bnk,44557
audio/bnk_sfx_scenario_alm_13.bnk,audio,.bnk,69488
audio/bnk_sfx_scenario_alm_14.bnk,audio,.bnk,126805
audio/bnk_sfx_scenario_alm_15_a.bnk,audio,.bnk,89344
audio/bnk_sfx_scenario_alm_15_b.bnk,audio,.bnk,60324
audio/bnk_sfx_scenario_alm_16_a.bnk,audio,.bnk,224771
audio/bnk_sfx_scenario_alm_16_b.bnk,audio,.bnk,53420
audio/bnk_sfx_scenario_alm_17_a.bnk,audio,.bnk,180175
audio/bnk_sfx_scenario_alm_17_b.bnk,audio,.bnk,29328
audio/bnk_sfx_scenario_alm_18.bnk,audio,.bnk,64670
audio/bnk_sfx_scenario_alm_19.bnk,audio,.bnk,221570
audio/bnk_sfx_scenario_alm_20.bnk,audio,.bnk,262619
audio/bnk_sfx_scenario_alm_21.bnk,audio,.bnk,131412
audio/bnk_sfx_scenario_alm_22_a.bnk,audio,.bnk,74640
audio/bnk_sfx_scenario_alm_22_b.bnk,audio,.bnk,29308
audio/bnk_sfx_scenario_alm_23_01.bnk,audio,.bnk,173395
audio/bnk_sfx_scenario_alm_23_02.bnk,audio,.bnk,174232
audio/bnk_sfx_scenario_alm_24_03.bnk,audio,.bnk,184515
audio/bnk_sfx_scenario_alm_24_04.bnk,audio,.bnk,181089
audio/bnk_sfx_scenario_alm_25_b.bnk,audio,.bnk,185036
audio/bnk_sfx_scenario_alm_25_c.bnk,audio,.bnk,171556
audio/bnk_sfx_scenario_alm_26.bnk,audio,.bnk,43150
audio/bnk_sfx_scenario_alm_27.bnk,audio,.bnk,633176
audio/bnk_sfx_scenario_alm_28.bnk,audio,.bnk,413155
audio/bnk_sfx_scenario_alm_29.bnk,audio,.bnk,69921
audio/bnk_sfx_scenario_amb.bnk,audio,.bnk,7846271
audio/bnk_sfx_scenario_battle_worldboss_01.bnk,audio,.bnk,626802
audio/bnk_sfx_scenario_common.bnk,audio,.bnk,355755
audio/bnk_sfx_scenario_fhg_01_A.bnk,audio,.bnk,71666
audio/bnk_sfx_scenario_fhg_01_B.bnk,audio,.bnk,24391
audio/bnk_sfx_scenario_fhg_02.bnk,audio,.bnk,89819
audio/bnk_sfx_scenario_fhg_03.bnk,audio,.bnk,217536
audio/bnk_sfx_scenario_fhg_04_A.bnk,audio,.bnk,99551
audio/bnk_sfx_scenario_fhg_04_B.bnk,audio,.bnk,147767
audio/bnk_sfx_scenario_fhg_05.bnk,audio,.bnk,335340
audio/bnk_sfx_scenario_fhg_06_A.bnk,audio,.bnk,350095
audio/bnk_sfx_scenario_fhg_06_B.bnk,audio,.bnk,48399
audio/bnk_sfx_scenario_fhg_06_C.bnk,audio,.bnk,223765
audio/bnk_sfx_scenario_fhg_07_A.bnk,audio,.bnk,306687
audio/bnk_sfx_scenario_fhg_07_B.bnk,audio,.bnk,108453
audio/bnk_sfx_scenario_fhg_08_A.bnk,audio,.bnk,50782
audio/bnk_sfx_scenario_fhg_08_B.bnk,audio,.bnk,18845
audio/bnk_sfx_scenario_fhg_08_C.bnk,audio,.bnk,9003
audio/bnk_sfx_scenario_fhg_09.bnk,audio,.bnk,188801
audio/bnk_sfx_scenario_fhg_10.bnk,audio,.bnk,126320
audio/bnk_sfx_scenario_fhg_11_A.bnk,audio,.bnk,540608
audio/bnk_sfx_scenario_fhg_11_B.bnk,audio,.bnk,149635
audio/bnk_sfx_scenario_fhg_12.bnk,audio,.bnk,302661
audio/bnk_sfx_scenario_fhg_13.bnk,audio,.bnk,387980
audio/bnk_sfx_scenario_fhg_14_A.bnk,audio,.bnk,87295
audio/bnk_sfx_scenario_fhg_14_B.bnk,audio,.bnk,11679
audio/bnk_sfx_scenario_fhg_16.bnk,audio,.bnk,252444
audio/bnk_sfx_scenario_fhg_17_A.bnk,audio,.bnk,1141818
audio/bnk_sfx_scenario_fhg_18.bnk,audio,.bnk,481311
audio/bnk_sfx_scenario_fhg_19.bnk,audio,.bnk,847191
audio/bnk_sfx_scenario_fhg_20.bnk,audio,.bnk,24135
audio/bnk_sfx_scenario_fhg_21.bnk,audio,.bnk,94356
audio/bnk_sfx_scenario_fhg_22.bnk,audio,.bnk,69926
audio/bnk_sfx_scenario_fhg_23_A.bnk,audio,.bnk,215426
audio/bnk_sfx_scenario_fhg_23_B.bnk,audio,.bnk,35833
audio/bnk_sfx_scenario_fhg_23_C.bnk,audio,.bnk,110843
audio/bnk_sfx_scenario_fhg_24.bnk,audio,.bnk,106393
audio/bnk_sfx_scenario_fhg_25_A.bnk,audio,.bnk,212573
audio/bnk_sfx_scenario_fhg_25_B.bnk,audio,.bnk,4598
audio/bnk_sfx_scenario_fhg_26.bnk,audio,.bnk,227466
audio/bnk_sfx_scenario_fhg_27.bnk,audio,.bnk,118601
audio/bnk_sfx_scenario_fhg_28.bnk,audio,.bnk,117368
audio/bnk_sfx_scenario_fhg_30_A.bnk,audio,.bnk,198323
audio/bnk_sfx_scenario_fhg_30_B.bnk,audio,.bnk,69921
audio/bnk_sfx_scenario_gacha_new.bnk,audio,.bnk,590104
audio/bnk_sfx_scenario_gacha_old.bnk,audio,.bnk,529247
audio/bnk_sfx_scenario_gtx_01.bnk,audio,.bnk,176203
audio/bnk_sfx_scenario_gtx_03.bnk,audio,.bnk,492734
audio/bnk_sfx_scenario_gtx_04.bnk,audio,.bnk,101231
audio/bnk_sfx_scenario_gtx_05.bnk,audio,.bnk,161610
audio/bnk_sfx_scenario_gtx_11.bnk,audio,.bnk,138758
audio/bnk_sfx_scenario_gtx_13.bnk,audio,.bnk,168135
audio/bnk_sfx_scenario_gtx_14.bnk,audio,.bnk,174242
audio/bnk_sfx_scenario_gtx_15.bnk,audio,.bnk,1996
audio/bnk_sfx_scenario_gtx_16.bnk,audio,.bnk,256013
audio/bnk_sfx_scenario_gtx_17.bnk,audio,.bnk,210507
audio/bnk_sfx_scenario_gtx_18.bnk,audio,.bnk,208820
audio/bnk_sfx_scenario_gtx_19.bnk,audio,.bnk,368
audio/bnk_sfx_scenario_gtx_20.bnk,audio,.bnk,2772
audio/bnk_sfx_scenario_innerstage09_01.bnk,audio,.bnk,62358
audio/bnk_sfx_scenario_innerstage09_06.bnk,audio,.bnk,69415
audio/bnk_sfx_scenario_innerstage09_18.bnk,audio,.bnk,179676
audio/bnk_sfx_scenario_innerstage11_05.bnk,audio,.bnk,29712
audio/bnk_sfx_scenario_innerstage11_10.bnk,audio,.bnk,38102
audio/bnk_sfx_scenario_innerstage11_18.bnk,audio,.bnk,41730
audio/bnk_sfx_scenario_innerstage14_01.bnk,audio,.bnk,13721
audio/bnk_sfx_scenario_innerstage15_1.bnk,audio,.bnk,11309
audio/bnk_sfx_scenario_innerstage15_11.bnk,audio,.bnk,64351
audio/bnk_sfx_scenario_innerstage15_6.bnk,audio,.bnk,24830
audio/bnk_sfx_scenario_innerstage_swnxs.bnk,audio,.bnk,48848
audio/bnk_sfx_scenario_lxy1_01.bnk,audio,.bnk,1310512
audio/bnk_sfx_scenario_lxy1_02_a.bnk,audio,.bnk,249619
audio/bnk_sfx_scenario_lxy1_02_b.bnk,audio,.bnk,706
audio/bnk_sfx_scenario_lxy1_03.bnk,audio,.bnk,30638
audio/bnk_sfx_scenario_lxy1_04.bnk,audio,.bnk,104463
audio/bnk_sfx_scenario_lxy1_05_a.bnk,audio,.bnk,23101
audio/bnk_sfx_scenario_lxy1_05_b.bnk,audio,.bnk,511
audio/bnk_sfx_scenario_lxy1_06.bnk,audio,.bnk,350063
audio/bnk_sfx_scenario_lxy1_07_a.bnk,audio,.bnk,127051
audio/bnk_sfx_scenario_lxy1_07_b.bnk,audio,.bnk,688
audio/bnk_sfx_scenario_lxy1_08.bnk,audio,.bnk,63094
audio/bnk_sfx_scenario_lxy1_09.bnk,audio,.bnk,152892
audio/bnk_sfx_scenario_lxy1_10.bnk,audio,.bnk,895
audio/bnk_sfx_scenario_lxy1_11.bnk,audio,.bnk,46960
audio/bnk_sfx_scenario_lxy1_12.bnk,audio,.bnk,30887
audio/bnk_sfx_scenario_lxy1_13.bnk,audio,.bnk,521
audio/bnk_sfx_scenario_lxy1_14.bnk,audio,.bnk,179025
audio/bnk_sfx_scenario_lxy1_15.bnk,audio,.bnk,854
audio/bnk_sfx_scenario_lxy1_16.bnk,audio,.bnk,852020
audio/bnk_sfx_scenario_lxy1_17.bnk,audio,.bnk,1036746
audio/bnk_sfx_scenario_lxy1_18.bnk,audio,.bnk,785
audio/bnk_sfx_scenario_lxy1_19_a.bnk,audio,.bnk,1687829
audio/bnk_sfx_scenario_lxy1_19_b.bnk,audio,.bnk,785
audio/bnk_sfx_scenario_lxy1_21.bnk,audio,.bnk,24952
audio/bnk_sfx_scenario_lxy1_22_a.bnk,audio,.bnk,785
audio/bnk_sfx_scenario_online_01.bnk,audio,.bnk,107151
audio/bnk_sfx_scenario_online_02.bnk,audio,.bnk,33647
audio/bnk_sfx_scenario_online_03.bnk,audio,.bnk,15176
audio/bnk_sfx_scenario_online_04.bnk,audio,.bnk,49005
audio/bnk_sfx_scenario_online_05.bnk,audio,.bnk,148536
audio/bnk_sfx_scenario_online_07.bnk,audio,.bnk,451093
audio/bnk_sfx_scenario_online_09.bnk,audio,.bnk,390473
audio/bnk_sfx_scenario_online_10.bnk,audio,.bnk,715426
audio/bnk_sfx_scenario_online_11_a.bnk,audio,.bnk,287100
audio/bnk_sfx_scenario_online_11_b.bnk,audio,.bnk,568
audio/bnk_sfx_scenario_online_12.bnk,audio,.bnk,165248
audio/bnk_sfx_scenario_online_14.bnk,audio,.bnk,511161
audio/bnk_sfx_scenario_online_15.bnk,audio,.bnk,260458
audio/bnk_sfx_scenario_online_27.bnk,audio,.bnk,335996
audio/bnk_sfx_scenario_online_28_a.bnk,audio,.bnk,161448
audio/bnk_sfx_scenario_online_28_b.bnk,audio,.bnk,103405
audio/bnk_sfx_scenario_online_29.bnk,audio,.bnk,266286
audio/bnk_sfx_scenario_online_30.bnk,audio,.bnk,644534
audio/bnk_sfx_scenario_online_31.bnk,audio,.bnk,134488
audio/bnk_sfx_scenario_online_32.bnk,audio,.bnk,60243
audio/bnk_sfx_scenario_online_33.bnk,audio,.bnk,83418
audio/bnk_sfx_scenario_online_34.bnk,audio,.bnk,530515
audio/bnk_sfx_scenario_online_35_1.bnk,audio,.bnk,297553
audio/bnk_sfx_scenario_online_35_2.bnk,audio,.bnk,191606
audio/bnk_sfx_scenario_online_35_3.bnk,audio,.bnk,136419
audio/bnk_sfx_scenario_online_36_1.bnk,audio,.bnk,273444
audio/bnk_sfx_scenario_online_36_2.bnk,audio,.bnk,250425
audio/bnk_sfx_scenario_online_37.bnk,audio,.bnk,367410
audio/bnk_sfx_scenario_online_38.bnk,audio,.bnk,756711
audio/bnk_sfx_scenario_online_39.bnk,audio,.bnk,640191
audio/bnk_sfx_scenario_online_40a.bnk,audio,.bnk,412455
audio/bnk_sfx_scenario_online_40b.bnk,audio,.bnk,129653
audio/bnk_sfx_scenario_online_41.bnk,audio,.bnk,7321792
audio/bnk_sfx_scenario_online_42.bnk,audio,.bnk,231752
audio/bnk_sfx_scenario_online_43.bnk,audio,.bnk,87858
audio/bnk_sfx_scenario_online_44.bnk,audio,.bnk,168852
audio/bnk_sfx_scenario_online_45.bnk,audio,.bnk,169351
audio/bnk_sfx_scenario_online_46.bnk,audio,.bnk,219094
audio/bnk_sfx_scenario_online_47.bnk,audio,.bnk,170707
audio/bnk_sfx_scenario_online_48.bnk,audio,.bnk,6922
audio/bnk_sfx_scenario_online_49.bnk,audio,.bnk,561387
audio/bnk_sfx_scenario_online_50.bnk,audio,.bnk,359186
audio/bnk_sfx_scenario_online_51.bnk,audio,.bnk,198359
audio/bnk_sfx_scenario_online_52.bnk,audio,.bnk,253914
audio/bnk_sfx_scenario_online_53.bnk,audio,.bnk,1033255
audio/bnk_sfx_scenario_online_54.bnk,audio,.bnk,683752
audio/bnk_sfx_scenario_online_55.bnk,audio,.bnk,453645
audio/bnk_sfx_scenario_online_56.bnk,audio,.bnk,94272
audio/bnk_sfx_scenario_online_57.bnk,audio,.bnk,199695
audio/bnk_sfx_scenario_online_58.bnk,audio,.bnk,135093
audio/bnk_sfx_scenario_online_59.bnk,audio,.bnk,651498
audio/bnk_sfx_scenario_online_60.bnk,audio,.bnk,1143522
audio/bnk_sfx_scenario_online_61.bnk,audio,.bnk,247552
audio/bnk_sfx_scenario_online_62.bnk,audio,.bnk,303171
audio/bnk_sfx_scenario_online_63.bnk,audio,.bnk,178191
audio/bnk_sfx_scenario_online_64.bnk,audio,.bnk,84550
audio/bnk_sfx_scenario_online_65.bnk,audio,.bnk,738834
audio/bnk_sfx_scenario_online_66.bnk,audio,.bnk,472318
audio/bnk_sfx_scenario_online_67.bnk,audio,.bnk,364972
audio/bnk_sfx_scenario_online_68.bnk,audio,.bnk,758269
audio/bnk_sfx_scenario_online_68_B.bnk,audio,.bnk,126352
audio/bnk_sfx_scenario_online_77.bnk,audio,.bnk,415066
audio/bnk_sfx_scenario_online_78.bnk,audio,.bnk,489680
audio/bnk_sfx_scenario_online_79.bnk,audio,.bnk,331912
audio/bnk_sfx_scenario_online_81.bnk,audio,.bnk,874764
audio/bnk_sfx_scenario_online_82.bnk,audio,.bnk,716539
audio/bnk_sfx_scenario_online_83.bnk,audio,.bnk,114142
audio/bnk_sfx_scenario_online_84.bnk,audio,.bnk,337955
audio/bnk_sfx_scenario_online_85.bnk,audio,.bnk,102526
audio/bnk_sfx_scenario_online_86.bnk,audio,.bnk,162736
audio/bnk_sfx_scenario_online_86_B.bnk,audio,.bnk,297490
audio/bnk_sfx_scenario_online_87.bnk,audio,.bnk,91314
audio/bnk_sfx_scenario_online_88_a.bnk,audio,.bnk,669219
audio/bnk_sfx_scenario_online_88_b.bnk,audio,.bnk,514550
audio/bnk_sfx_scenario_online_89_a.bnk,audio,.bnk,608076
audio/bnk_sfx_scenario_online_89_b.bnk,audio,.bnk,111545
audio/bnk_sfx_scenario_online_90.bnk,audio,.bnk,662938
audio/bnk_sfx_scenario_online_91.bnk,audio,.bnk,503668
audio/bnk_sfx_scenario_online_92.bnk,audio,.bnk,120452
audio/bnk_sfx_scenario_online_93.bnk,audio,.bnk,1461680
audio/bnk_sfx_scenario_online_94.bnk,audio,.bnk,751632
audio/bnk_sfx_scenario_online_95_a.bnk,audio,.bnk,1285889
audio/bnk_sfx_scenario_online_95_b.bnk,audio,.bnk,1355463
audio/bnk_sfx_scenario_online_96.bnk,audio,.bnk,1206884
audio/bnk_sfx_scenario_online_97.bnk,audio,.bnk,409380
audio/bnk_sfx_scenario_online_98.bnk,audio,.bnk,103535
audio/bnk_sfx_scenario_qv3_0002_1.bnk,audio,.bnk,679535
audio/bnk_sfx_scenario_qv3_0002_2.bnk,audio,.bnk,222341
audio/bnk_sfx_scenario_qv3_0003.bnk,audio,.bnk,134509
audio/bnk_sfx_scenario_qv3_0004_1.bnk,audio,.bnk,471046
audio/bnk_sfx_scenario_qv3_0004_2.bnk,audio,.bnk,855093
audio/bnk_sfx_scenario_qv3_0005.bnk,audio,.bnk,724326
audio/bnk_sfx_scenario_qv3_0006.bnk,audio,.bnk,899854
audio/bnk_sfx_scenario_qv3_0008_2.bnk,audio,.bnk,126713
audio/bnk_sfx_scenario_qv3_0009.bnk,audio,.bnk,220415
audio/bnk_sfx_scenario_qv3_0010.bnk,audio,.bnk,385046
audio/bnk_sfx_scenario_qv3_0011.bnk,audio,.bnk,170901
audio/bnk_sfx_scenario_qv3_0012.bnk,audio,.bnk,264938
audio/bnk_sfx_scenario_qv3_0013.bnk,audio,.bnk,555434
audio/bnk_sfx_scenario_qv3_0018.bnk,audio,.bnk,287163
audio/bnk_sfx_scenario_qv3_0019.bnk,audio,.bnk,242987
audio/bnk_sfx_scenario_qv3_0032.bnk,audio,.bnk,373085
audio/bnk_sfx_scenario_qv3_0033.bnk,audio,.bnk,222165
audio/bnk_sfx_scenario_qv3_14_1.bnk,audio,.bnk,396079
audio/bnk_sfx_scenario_qv3_14_2.bnk,audio,.bnk,329742
audio/bnk_sfx_scenario_qv3_14_3.bnk,audio,.bnk,485017
audio/bnk_sfx_scenario_qv3_15_2.bnk,audio,.bnk,411709
audio/bnk_sfx_scenario_qzx_01.bnk,audio,.bnk,344459
audio/bnk_sfx_scenario_qzx_02.bnk,audio,.bnk,90645
audio/bnk_sfx_scenario_qzx_03.bnk,audio,.bnk,187310
audio/bnk_sfx_scenario_qzx_04.bnk,audio,.bnk,410724
audio/bnk_sfx_scenario_qzx_07.bnk,audio,.bnk,50322
audio/bnk_sfx_scenario_qzx_09.bnk,audio,.bnk,80769
audio/bnk_sfx_scenario_qzx_10a.bnk,audio,.bnk,63861
audio/bnk_sfx_scenario_qzx_10b.bnk,audio,.bnk,237730
audio/bnk_sfx_scenario_qzx_12.bnk,audio,.bnk,45293
audio/bnk_sfx_scenario_qzx_13.bnk,audio,.bnk,258835
audio/bnk_sfx_scenario_qzx_14.bnk,audio,.bnk,45622
audio/bnk_sfx_scenario_qzx_15.bnk,audio,.bnk,257269
audio/bnk_sfx_scenario_qzx_16.bnk,audio,.bnk,220487
audio/bnk_sfx_scenario_qzx_17.bnk,audio,.bnk,51080
audio/bnk_sfx_scenario_qzx_18a.bnk,audio,.bnk,91853
audio/bnk_sfx_scenario_qzx_19.bnk,audio,.bnk,69219
audio/bnk_sfx_scenario_qzx_20.bnk,audio,.bnk,174405
audio/bnk_sfx_scenario_qzx_21.bnk,audio,.bnk,2614817
audio/bnk_sfx_scenario_qzx_22.bnk,audio,.bnk,8722
audio/bnk_sfx_scenario_qzx_23.bnk,audio,.bnk,24746
audio/bnk_sfx_scenario_qzx_24.bnk,audio,.bnk,192020
audio/bnk_sfx_scenario_qzx_26.bnk,audio,.bnk,24757
audio/bnk_sfx_scenario_qzx_27.bnk,audio,.bnk,24732
audio/bnk_sfx_scenario_qzx_28.bnk,audio,.bnk,44451
audio/bnk_sfx_scenario_qzx_29.bnk,audio,.bnk,14872
audio/bnk_sfx_scenario_qzx_30.bnk,audio,.bnk,38834
audio/bnk_sfx_scenario_qzx_31.bnk,audio,.bnk,26874
audio/bnk_sfx_scenario_qzx_32.bnk,audio,.bnk,32568
audio/bnk_sfx_scenario_qzx_33.bnk,audio,.bnk,162998
audio/bnk_sfx_scenario_qzx_34.bnk,audio,.bnk,7041
audio/bnk_sfx_scenario_qzx_36.bnk,audio,.bnk,36257
audio/bnk_sfx_scenario_qzx_37.bnk,audio,.bnk,239110
audio/bnk_sfx_scenario_qzx_38.bnk,audio,.bnk,24311
audio/bnk_sfx_scenario_qzx_39.bnk,audio,.bnk,131925
audio/bnk_sfx_scenario_qzx_41.bnk,audio,.bnk,102794
audio/bnk_sfx_scenario_qzx_42.bnk,audio,.bnk,76289
audio/bnk_sfx_scenario_qzx_43.bnk,audio,.bnk,19619
audio/bnk_sfx_scenario_qzx_45.bnk,audio,.bnk,34388
audio/bnk_sfx_scenario_qzx_46.bnk,audio,.bnk,169910
audio/bnk_sfx_scenario_qzx_47.bnk,audio,.bnk,37198
audio/bnk_sfx_scenario_qzx_48a.bnk,audio,.bnk,117709
audio/bnk_sfx_scenario_qzx_48b.bnk,audio,.bnk,229316
audio/bnk_sfx_scenario_qzx_49.bnk,audio,.bnk,49714
audio/bnk_sfx_scenario_qzx_50.bnk,audio,.bnk,84615
audio/bnk_sfx_scenario_qzx_52.bnk,audio,.bnk,23322
audio/bnk_sfx_scenario_qzx_53.bnk,audio,.bnk,362975
audio/bnk_sfx_scenario_qzx_54_a.bnk,audio,.bnk,276462
audio/bnk_sfx_scenario_qzx_55.bnk,audio,.bnk,97060
audio/bnk_sfx_scenario_qzx_56.bnk,audio,.bnk,291209
audio/bnk_sfx_scenario_qzx_57.bnk,audio,.bnk,197892
audio/bnk_sfx_scenario_qzx_58.bnk,audio,.bnk,348658
audio/bnk_sfx_scenario_qzx_59.bnk,audio,.bnk,100192
audio/bnk_sfx_scenario_qzx_60a.bnk,audio,.bnk,99684
audio/bnk_sfx_scenario_qzx_60b.bnk,audio,.bnk,96195
audio/bnk_sfx_scenario_qzx_61.bnk,audio,.bnk,226680
audio/bnk_sfx_scenario_qzx_62.bnk,audio,.bnk,32553
audio/bnk_sfx_scenario_qzx_64.bnk,audio,.bnk,191071
audio/bnk_sfx_scenario_qzx_65.bnk,audio,.bnk,253255
audio/bnk_sfx_scenario_qzx_66.bnk,audio,.bnk,14845
audio/bnk_sfx_scenario_qzx_67.bnk,audio,.bnk,107904
audio/bnk_sfx_scenario_qzx_68.bnk,audio,.bnk,91956
audio/bnk_sfx_scenario_qzx_70.bnk,audio,.bnk,11111
audio/bnk_sfx_scenario_qzx_72.bnk,audio,.bnk,193081
audio/bnk_sfx_scenario_qzx_73.bnk,audio,.bnk,857628
audio/bnk_sfx_scenario_qzx_74.bnk,audio,.bnk,191660
audio/bnk_sfx_scenario_qzx_75.bnk,audio,.bnk,156136
audio/bnk_sfx_scenario_qzx_76.bnk,audio,.bnk,39519
audio/bnk_sfx_scenario_qzx_77.bnk,audio,.bnk,318053
audio/bnk_sfx_scenario_qzx_78.bnk,audio,.bnk,549206
audio/bnk_sfx_scenario_qzx_79a.bnk,audio,.bnk,180616
audio/bnk_sfx_scenario_qzx_79b.bnk,audio,.bnk,169819
audio/bnk_sfx_scenario_qzx_79c.bnk,audio,.bnk,331133
audio/bnk_sfx_scenario_qzx_80.bnk,audio,.bnk,1286444
audio/bnk_sfx_scenario_qzx_common.bnk,audio,.bnk,137001
audio/bnk_sfx_scenario_qzx_sqgs_amb.bnk,audio,.bnk,173585
audio/bnk_sfx_scenario_swn1_01.bnk,audio,.bnk,117489
audio/bnk_sfx_scenario_swn1_02.bnk,audio,.bnk,117651
audio/bnk_sfx_scenario_swn1_04.bnk,audio,.bnk,214166
audio/bnk_sfx_scenario_swn1_05.bnk,audio,.bnk,523726
audio/bnk_sfx_scenario_swn1_08.bnk,audio,.bnk,1533200
audio/bnk_sfx_scenario_swn1_09.bnk,audio,.bnk,1507042
audio/bnk_sfx_scenario_swn1_11.bnk,audio,.bnk,39022
audio/bnk_sfx_scenario_swn1_12.bnk,audio,.bnk,118565
audio/bnk_sfx_scenario_swn1_14.bnk,audio,.bnk,171540
audio/bnk_sfx_scenario_swn1_17.bnk,audio,.bnk,201299
audio/bnk_sfx_scenario_swn1_18.bnk,audio,.bnk,220146
audio/bnk_sfx_scenario_swn1_19.bnk,audio,.bnk,208948
audio/bnk_sfx_scenario_swn1_20.bnk,audio,.bnk,561838
audio/bnk_sfx_scenario_swn1_22.bnk,audio,.bnk,48
audio/bnk_sfx_scenario_swn1_23.bnk,audio,.bnk,270053
audio/bnk_sfx_scenario_swn1_24.bnk,audio,.bnk,111629
audio/bnk_sfx_scenario_swn1_26.bnk,audio,.bnk,532696
audio/bnk_sfx_scenario_swn1_27.bnk,audio,.bnk,59683
audio/bnk_sfx_scenario_swn1_28.bnk,audio,.bnk,241099
audio/bnk_sfx_scenario_swn1_29.bnk,audio,.bnk,124610
audio/bnk_sfx_scenario_swn1_31.bnk,audio,.bnk,106352
audio/bnk_sfx_scenario_swn1_32.bnk,audio,.bnk,826112
audio/bnk_sfx_scenario_swn1_33.bnk,audio,.bnk,283529
audio/bnk_sfx_scenario_swn1_35.bnk,audio,.bnk,151272
audio/bnk_sfx_scenario_swn2_01.bnk,audio,.bnk,46821
audio/bnk_sfx_scenario_swn2_02.bnk,audio,.bnk,129965
audio/bnk_sfx_scenario_swn2_03.bnk,audio,.bnk,346441
audio/bnk_sfx_scenario_swn2_04.bnk,audio,.bnk,945665
audio/bnk_sfx_scenario_swn2_05.bnk,audio,.bnk,71289
audio/bnk_sfx_scenario_swn2_06.bnk,audio,.bnk,168545
audio/bnk_sfx_scenario_swn2_07.bnk,audio,.bnk,134032
audio/bnk_sfx_scenario_swn2_09.bnk,audio,.bnk,43496
audio/bnk_sfx_scenario_swn2_10.bnk,audio,.bnk,63991
audio/bnk_sfx_scenario_swn2_11.bnk,audio,.bnk,35995
audio/bnk_sfx_scenario_swn2_12.bnk,audio,.bnk,284630
audio/bnk_sfx_scenario_swn2_13.bnk,audio,.bnk,2402
audio/bnk_sfx_scenario_swn2_14.bnk,audio,.bnk,43099
audio/bnk_sfx_scenario_swn2_15.bnk,audio,.bnk,64678
audio/bnk_sfx_scenario_swn2_16.bnk,audio,.bnk,73453
audio/bnk_sfx_scenario_swn2_17.bnk,audio,.bnk,408656
audio/bnk_sfx_scenario_swn2_18.bnk,audio,.bnk,321471
audio/bnk_sfx_scenario_swn2_19.bnk,audio,.bnk,115493
audio/bnk_sfx_scenario_swn2_20.bnk,audio,.bnk,89300
audio/bnk_sfx_scenario_swn2_21.bnk,audio,.bnk,288115
audio/bnk_sfx_scenario_swn2_22.bnk,audio,.bnk,157444
audio/bnk_sfx_scenario_swn2_23.bnk,audio,.bnk,51509
audio/bnk_sfx_scenario_swn2_24.bnk,audio,.bnk,640596
audio/bnk_sfx_scenario_swn2_25.bnk,audio,.bnk,9543
audio/bnk_sfx_scenario_swn2_26.bnk,audio,.bnk,273496
audio/bnk_sfx_scenario_swn2_27.bnk,audio,.bnk,307724
audio/bnk_sfx_scenario_swn2_28.bnk,audio,.bnk,211610
audio/bnk_sfx_scenario_swn2_29.bnk,audio,.bnk,252570
audio/bnk_sfx_scenario_swn2_32.bnk,audio,.bnk,131118
audio/bnk_sfx_scenario_swn2_34.bnk,audio,.bnk,142252
audio/bnk_sfx_scenario_swn2_35.bnk,audio,.bnk,707363
audio/bnk_sfx_scenario_swn2_36.bnk,audio,.bnk,191454
audio/bnk_sfx_scenario_wgj_01.bnk,audio,.bnk,110420
audio/bnk_sfx_scenario_wgj_02.bnk,audio,.bnk,540971
audio/bnk_sfx_scenario_wgj_03.bnk,audio,.bnk,360301
audio/bnk_sfx_scenario_wgj_04.bnk,audio,.bnk,217416
audio/bnk_sfx_scenario_wgj_05.bnk,audio,.bnk,662667
audio/bnk_sfx_scenario_wgj_06.bnk,audio,.bnk,434587
audio/bnk_sfx_scenario_wgj_07.bnk,audio,.bnk,104476
audio/bnk_sfx_scenario_wgj_08.bnk,audio,.bnk,789
audio/bnk_sfx_scenario_wgj_09.bnk,audio,.bnk,1194941
audio/bnk_sfx_scenario_wgj_10.bnk,audio,.bnk,139310
audio/bnk_sfx_scenario_wgj_11.bnk,audio,.bnk,144967
audio/bnk_sfx_scenario_wgj_12.bnk,audio,.bnk,115178
audio/bnk_sfx_scenario_wgj_13.bnk,audio,.bnk,526542
audio/bnk_sfx_scenario_wgj_14.bnk,audio,.bnk,101625
audio/bnk_sfx_scenario_wgj_15.bnk,audio,.bnk,169297
audio/bnk_sfx_scenario_wgj_16.bnk,audio,.bnk,157666
audio/bnk_sfx_scenario_wgj_17.bnk,audio,.bnk,525813
audio/bnk_sfx_scenario_wgj_18.bnk,audio,.bnk,330543
audio/bnk_sfx_scenario_wgj_21.bnk,audio,.bnk,15373
audio/bnk_sfx_scenario_wgj_22.bnk,audio,.bnk,177603
audio/bnk_sfx_scenario_wgj_23_a.bnk,audio,.bnk,108254
audio/bnk_sfx_scenario_wgj_23_b.bnk,audio,.bnk,164838
audio/bnk_sfx_scenario_wgj_23_c.bnk,audio,.bnk,345423
audio/bnk_sfx_scenario_wgj_25.bnk,audio,.bnk,538587
audio/lda_bnk_sfx_scenario_online_69.bnk,audio,.bnk,199695
audio/lda_bnk_sfx_scenario_online_70.bnk,audio,.bnk,314116
audio/lda_bnk_sfx_scenario_online_71.bnk,audio,.bnk,87915
audio/lda_bnk_sfx_scenario_online_72.bnk,audio,.bnk,303397
audio/lda_bnk_sfx_scenario_online_73.bnk,audio,.bnk,61401
audio/lda_bnk_sfx_scenario_online_74.bnk,audio,.bnk,60565
audio/lda_bnk_sfx_scenario_online_75.bnk,audio,.bnk,518944
audio/lda_bnk_sfx_scenario_online_76.bnk,audio,.bnk,277903
audio/Music_Scene.bnk,audio,.bnk,121129
audio/Music_Scene_ArenaOut.bnk,audio,.bnk,5554
audio/Music_Scene_Camp.bnk,audio,.bnk,4053
audio/Music_Scene_CityLYDay.bnk,audio,.bnk,20955
audio/Music_Scene_CityLYEve.bnk,audio,.bnk,20868
audio/Music_Scene_Garden.bnk,audio,.bnk,10220
audio/Music_Scene_HashaCapital.bnk,audio,.bnk,3895
audio/Music_Scene_Hasheem.bnk,audio,.bnk,5975
audio/Music_Scene_Homa.bnk,audio,.bnk,5825
audio/Music_Scene_IceTheme.bnk,audio,.bnk,4437
audio/Music_Scene_Rivia_A.bnk,audio,.bnk,3501
audio/Music_Scene_Rivia_B.bnk,audio,.bnk,3501
audio/Music_Scene_RucciaThemeB.bnk,audio,.bnk,5301
audio/Music_Scene_Thevagabond.bnk,audio,.bnk,7034
audio/Music_Scene_UnderPalace.bnk,audio,.bnk,5401
audio/Music_Scene_WindPalace.bnk,audio,.bnk,5428
audio/Music_Scene_Wolven.bnk,audio,.bnk,6970
audio/Music_Scene_World.bnk,audio,.bnk,9568
audio/scenario_control.bnk,audio,.bnk,1477
audio/sfx_scenario_friendship_aliesexie_01.bnk,audio,.bnk,50304
audio/sfx_scenario_friendship_ditaliao_01.bnk,audio,.bnk,28870
audio/sfx_scenario_friendship_hasina_01.bnk,audio,.bnk,23085
audio/sfx_scenario_friendship_huoma_01.bnk,audio,.bnk,80098
audio/sfx_scenario_friendship_koukouna_01.bnk,audio,.bnk,43042
audio/sfx_scenario_friendship_maisha_01.bnk,audio,.bnk,33826
audio/sfx_scenario_friendship_suofeiya_02.bnk,audio,.bnk,32843
audio/sfx_scenario_friendship_yiqi_02.bnk,audio,.bnk,22755
audio/sfx_scenario_login.bnk,audio,.bnk,286864
movie/cg_skill_stage2role_c.mp4,movie,.mp4,2104434
movie/cg_skill_stage2role_g.mp4,movie,.mp4,2194273
movie/cg_skill_stage2role_t.mp4,movie,.mp4,2621497
movie/cg_skill_stage2role_y.mp4,movie,.mp4,2204226
movie/cg_skin_stage2role_g.mp4,movie,.mp4,1927502
movie/cg_skin_stage2role_t.mp4,movie,.mp4,2510903
movie/cg_skin_stage2role_y.mp4,movie,.mp4,2844114
newui/stage2battlepass.unity3d,newui,.unity3d,1073725
scenario/dialogue.unity3d,scenario,.unity3d,277620
scenario/scenario_alm-mk-da00101.unity3d,scenario,.unity3d,173441
scenario/scenario_alm-os-da00102.unity3d,scenario,.unity3d,208339
scenario/scenario_alm-os-da00201-2.unity3d,scenario,.unity3d,706879
scenario/scenario_alm-os-da00201.unity3d,scenario,.unity3d,32627
scenario/scenario_alm-os-ni00201.unity3d,scenario,.unity3d,197386
scenario/scenario_alm-thea-da00101.unity3d,scenario,.unity3d,140360
scenario/scenario_battle000_012-spcl.unity3d,scenario,.unity3d,584688
scenario/scenario_battle000_012.unity3d,scenario,.unity3d,457467
scenario/scenario_battle000_019.unity3d,scenario,.unity3d,183061
scenario/scenario_battle000_029.unity3d,scenario,.unity3d,103651
scenario/scenario_battle002.unity3d,scenario,.unity3d,620220
scenario/scenario_cave-in-ni01101.unity3d,scenario,.unity3d,1600129
scenario/scenario_cave-spcl-co00101.unity3d,scenario,.unity3d,224815
scenario/scenario_cave-spcl-da00101.unity3d,scenario,.unity3d,191535
scenario/scenario_cave-spcl-ni00101.unity3d,scenario,.unity3d,192776
scenario/scenario_cave-spcl-ni00201-lda.unity3d,scenario,.unity3d,513232
scenario/scenario_cg.unity3d,scenario,.unity3d,7161053
scenario/scenario_city-ca-da01901.unity3d,scenario,.unity3d,823025
scenario/scenario_city-ca-da02001.unity3d,scenario,.unity3d,872205
scenario/scenario_city-ca-da02301.unity3d,scenario,.unity3d,154878
scenario/scenario_city-ca-du00301.unity3d,scenario,.unity3d,109182
scenario/scenario_city-ca-ni02201.unity3d,scenario,.unity3d,291740
scenario/scenario_city-cp-da00101.unity3d,scenario,.unity3d,200222
scenario/scenario_city-os-da00101-00.unity3d,scenario,.unity3d,608192
scenario/scenario_city-os-da00401.unity3d,scenario,.unity3d,394986
scenario/scenario_city-os-da00501.unity3d,scenario,.unity3d,238453
scenario/scenario_city-os-da00701.unity3d,scenario,.unity3d,669867
scenario/scenario_city-os-da00801.unity3d,scenario,.unity3d,523629
scenario/scenario_city-os-da00901.unity3d,scenario,.unity3d,251009
scenario/scenario_city-os-da01501.unity3d,scenario,.unity3d,358135
scenario/scenario_city-os-da01601.unity3d,scenario,.unity3d,32634
scenario/scenario_city-os-da01701.unity3d,scenario,.unity3d,151917
scenario/scenario_city-os-da01702.unity3d,scenario,.unity3d,162963
scenario/scenario_city-os-du00501.unity3d,scenario,.unity3d,485452
scenario/scenario_city-os-du00502.unity3d,scenario,.unity3d,183259
scenario/scenario_city-os-du00701.unity3d,scenario,.unity3d,752872
scenario/scenario_city-os-du01401.unity3d,scenario,.unity3d,185000
scenario/scenario_city-os-du01601.unity3d,scenario,.unity3d,289899
scenario/scenario_city-os-du01701.unity3d,scenario,.unity3d,32991
scenario/scenario_city-os-du01801.unity3d,scenario,.unity3d,208166
scenario/scenario_city-os-duco00105.unity3d,scenario,.unity3d,432049
scenario/scenario_city-os-duco00205.unity3d,scenario,.unity3d,501988
scenario/scenario_city-os-duco00305.unity3d,scenario,.unity3d,341146
scenario/scenario_city-os-ni00108.unity3d,scenario,.unity3d,532322
scenario/scenario_city-os-ni00208.unity3d,scenario,.unity3d,580931
scenario/scenario_city-os-ni01401.unity3d,scenario,.unity3d,224118
scenario/scenario_city-os-ni01601.unity3d,scenario,.unity3d,203727
scenario/scenario_city-os-niri00801.unity3d,scenario,.unity3d,399962
scenario/scenario_city-os-nisn00601.unity3d,scenario,.unity3d,207564
scenario/scenario_city-pit-da00201.unity3d,scenario,.unity3d,866948
scenario/scenario_city-spcl-da00101.unity3d,scenario,.unity3d,142610
scenario/scenario_city-spcl-da00501.unity3d,scenario,.unity3d,136587
scenario/scenario_city-spcl-da00601.unity3d,scenario,.unity3d,406627
scenario/scenario_city-spcl-da00801.unity3d,scenario,.unity3d,643186
scenario/scenario_city-spcl-da00901-00.unity3d,scenario,.unity3d,405578
scenario/scenario_city-spcl-da00901-01.unity3d,scenario,.unity3d,341290
scenario/scenario_city-spcl-da00901-02.unity3d,scenario,.unity3d,400020
scenario/scenario_city-spcl-dawn00401.unity3d,scenario,.unity3d,363741
scenario/scenario_city-spcl-du00301.unity3d,scenario,.unity3d,112934
scenario/scenario_city-spcl-ni00101.unity3d,scenario,.unity3d,82189
scenario/scenario_city-spcl-ni00201.unity3d,scenario,.unity3d,403899
scenario/scenario_city-spcl-ni00301.unity3d,scenario,.unity3d,524281
scenario/scenario_city-spcl-ni00401.unity3d,scenario,.unity3d,635033
scenario/scenario_city-spcl-ni00701.unity3d,scenario,.unity3d,500612
scenario/scenario_city-spcl-nith00301.unity3d,scenario,.unity3d,386930
scenario/scenario_cook_2.unity3d,scenario,.unity3d,144739
scenario/scenario_createchar.unity3d,scenario,.unity3d,176081
scenario/scenario_desert-os-da01101.unity3d,scenario,.unity3d,366052
scenario/scenario_desert-os-da01201.unity3d,scenario,.unity3d,314367
scenario/scenario_desert-spcl-da00101.unity3d,scenario,.unity3d,277214
scenario/scenario_desert-spcl-da00201-1.unity3d,scenario,.unity3d,741671
scenario/scenario_desert-spcl-da00201-2.unity3d,scenario,.unity3d,535828
scenario/scenario_desert-spcl-da00201.unity3d,scenario,.unity3d,197418
scenario/scenario_desert-spcl-ni00201-1.unity3d,scenario,.unity3d,269911
scenario/scenario_desert-spcl-ni00201.unity3d,scenario,.unity3d,444624
scenario/scenario_dls_virtual-sky-da00101.unity3d,scenario,.unity3d,87741
scenario/scenario_dls_virtual-sky-da00201.unity3d,scenario,.unity3d,746842
scenario/scenario_dls_virtual-sky-da00201_cvr01.unity3d,scenario,.unity3d,830018
scenario/scenario_dls_virtual-sky-da00201_cvr02.unity3d,scenario,.unity3d,381926
scenario/scenario_dls_virtual-sky-da00202.unity3d,scenario,.unity3d,674119
scenario/scenario_dls_virtual-sky-da00203.unity3d,scenario,.unity3d,258734
scenario/scenario_dls_virtual-sky-da00301.unity3d,scenario,.unity3d,2483390
scenario/scenario_dls_virtual-sky-da00302.unity3d,scenario,.unity3d,2169042
scenario/scenario_dls_virtual-sky-da00303.unity3d,scenario,.unity3d,866364
scenario/scenario_dls_virtual-sky-da00304.unity3d,scenario,.unity3d,2302674
scenario/scenario_dls_virtual-sky-da00305.unity3d,scenario,.unity3d,506272
scenario/scenario_dls_virtual-sky-da00306.unity3d,scenario,.unity3d,1663948
scenario/scenario_end.unity3d,scenario,.unity3d,181492
scenario/scenario_end_act.unity3d,scenario,.unity3d,96205
scenario/scenario_end_alm.unity3d,scenario,.unity3d,87939
scenario/scenario_end_alm2.unity3d,scenario,.unity3d,131947
scenario/scenario_end_fhg.unity3d,scenario,.unity3d,97884
scenario/scenario_end_lxy.unity3d,scenario,.unity3d,130730
scenario/scenario_end_qzx.unity3d,scenario,.unity3d,117399
scenario/scenario_end_swn.unity3d,scenario,.unity3d,160035
scenario/scenario_end_swn_02.unity3d,scenario,.unity3d,139509
scenario/scenario_end_union-a.unity3d,scenario,.unity3d,87704
scenario/scenario_friendship_hcrimsondetectivefset.unity3d,scenario,.unity3d,211219
scenario/scenario_friendship_hcrimsongeneralfset.unity3d,scenario,.unity3d,174465
scenario/scenario_friendship_hcrimsonlavierfset.unity3d,scenario,.unity3d,241627
scenario/scenario_friendship_hcrimsonsophiafset.unity3d,scenario,.unity3d,285376
scenario/scenario_friendship_hdarklightdarkknight.unity3d,scenario,.unity3d,269749
scenario/scenario_friendship_hiriafprince.unity3d,scenario,.unity3d,231653
scenario/scenario_friendship_hknightscaptainmset.unity3d,scenario,.unity3d,156866
scenario/scenario_friendship_hknightsicemagefset.unity3d,scenario,.unity3d,174152
scenario/scenario_friendship_hknightsoldknight.unity3d,scenario,.unity3d,166188
scenario/scenario_friendship_hknightspaladinf.unity3d,scenario,.unity3d,171496
scenario/scenario_friendship_hluciayoungcolonelm.unity3d,scenario,.unity3d,181921
scenario/scenario_friendship_hpapalbishopf.unity3d,scenario,.unity3d,192472
scenario/scenario_friendship_hpapaljudgercfset.unity3d,scenario,.unity3d,177893
scenario/scenario_friendship_hpapalmercenaryleader.unity3d,scenario,.unity3d,224988
scenario/scenario_friendship_hpapalprincem.unity3d,scenario,.unity3d,168179
scenario/scenario_friendship_hplayerleaderada.unity3d,scenario,.unity3d,242646
scenario/scenario_friendship_hplayerlittlewitch.unity3d,scenario,.unity3d,215550
scenario/scenario_friendship_hplayermercenaryboy.unity3d,scenario,.unity3d,217615
scenario/scenario_friendship_hplayermercenarygirl.unity3d,scenario,.unity3d,255770
scenario/scenario_friendship_hplayersisterlavier.unity3d,scenario,.unity3d,186933
scenario/scenario_friendship_hsolomonblind.unity3d,scenario,.unity3d,166506
scenario/scenario_friendship_hsolomonbusinessman.unity3d,scenario,.unity3d,192392
scenario/scenario_friendship_hsolomonhalfblood.unity3d,scenario,.unity3d,164499
scenario/scenario_friendship_hsolomonparrotgirl.unity3d,scenario,.unity3d,177462
scenario/scenario_friendship_hvilderdancerf.unity3d,scenario,.unity3d,204345
scenario/scenario_friendship_hvildersistersinger.unity3d,scenario,.unity3d,176844
scenario/scenario_friendship_hvilderwitchf.unity3d,scenario,.unity3d,180726
scenario/scenario_friendship_liuxingdui.unity3d,scenario,.unity3d,209203
scenario/scenario_fs_hbanditthemaskmset.unity3d,scenario,.unity3d,292185
scenario/scenario_fs_hcrimsonhousemaidkiller.unity3d,scenario,.unity3d,186914
scenario/scenario_fs_hcrimsonmafialeaderfset.unity3d,scenario,.unity3d,186284
scenario/scenario_fs_hcrimsonsfather.unity3d,scenario,.unity3d,181072
scenario/scenario_fs_hiriacommandermset.unity3d,scenario,.unity3d,180463
scenario/scenario_fs_hirialadymunafset.unity3d,scenario,.unity3d,168869
scenario/scenario_fs_hiriayoungcolonelmset.unity3d,scenario,.unity3d,226505
scenario/scenario_fs_hpapalcommandermset.unity3d,scenario,.unity3d,173704
scenario/scenario_fs_hpapalsamanthafset.unity3d,scenario,.unity3d,195794
scenario/scenario_fs_hpolicetwinsfset.unity3d,scenario,.unity3d,240942
scenario/scenario_fs_hpolicetwinsmset.unity3d,scenario,.unity3d,208304
scenario/scenario_fs_hvildergraywolfmset.unity3d,scenario,.unity3d,229937
scenario/scenario_fs_hvildersisterchieffset.unity3d,scenario,.unity3d,212651
scenario/scenario_home-ch-da00101.unity3d,scenario,.unity3d,456468
scenario/scenario_home-ch-ni00101.unity3d,scenario,.unity3d,344450
scenario/scenario_home-fh-da00201.unity3d,scenario,.unity3d,400530
scenario/scenario_home-fh-da00202.unity3d,scenario,.unity3d,406589
scenario/scenario_home-fh-da00301.unity3d,scenario,.unity3d,591135
scenario/scenario_home-fh-da00302.unity3d,scenario,.unity3d,950497
scenario/scenario_home-fh-da88890.unity3d,scenario,.unity3d,236453
scenario/scenario_home-fh-daco00201.unity3d,scenario,.unity3d,205789
scenario/scenario_home-fh-ni00301.unity3d,scenario,.unity3d,556820
scenario/scenario_home-fh-ni00302.unity3d,scenario,.unity3d,943192
scenario/scenario_home-fh-niri00201.unity3d,scenario,.unity3d,328189
scenario/scenario_home-fh-niri00301.unity3d,scenario,.unity3d,190922
scenario/scenario_home-hp-da00101.unity3d,scenario,.unity3d,92221
scenario/scenario_home-mg-ni00101zzmn.unity3d,scenario,.unity3d,149981
scenario/scenario_home-mh-da00101.unity3d,scenario,.unity3d,721634
scenario/scenario_home-mh-da00102.unity3d,scenario,.unity3d,297245
scenario/scenario_home-mh-daco00101.unity3d,scenario,.unity3d,503923
scenario/scenario_home-mh-du00101.unity3d,scenario,.unity3d,287504
scenario/scenario_home-mh-ni00101.unity3d,scenario,.unity3d,567119
scenario/scenario_home-mk-da00101.unity3d,scenario,.unity3d,233495
scenario/scenario_home-mk-du00101.unity3d,scenario,.unity3d,186877
scenario/scenario_home-mk-ni00101.unity3d,scenario,.unity3d,257930
scenario/scenario_home-os-da00101.unity3d,scenario,.unity3d,1229705
scenario/scenario_home-os-da00201.unity3d,scenario,.unity3d,650043
scenario/scenario_home-os-da00301.unity3d,scenario,.unity3d,1219608
scenario/scenario_home-os-du00101.unity3d,scenario,.unity3d,530097
scenario/scenario_home-os-ni00101.unity3d,scenario,.unity3d,317949
scenario/scenario_home-os-ni00301.unity3d,scenario,.unity3d,154755
scenario/scenario_home-pb-da00101.unity3d,scenario,.unity3d,284765
scenario/scenario_home-pb-da00102.unity3d,scenario,.unity3d,361953
scenario/scenario_home-pb-ni00101.unity3d,scenario,.unity3d,577502
scenario/scenario_home-pb-ni00102.unity3d,scenario,.unity3d,428280
scenario/scenario_home-pb-ni00105.unity3d,scenario,.unity3d,193706
scenario/scenario_home-pb-ni00109.unity3d,scenario,.unity3d,650548
scenario/scenario_innerstage01.unity3d,scenario,.unity3d,315027
scenario/scenario_innerstage02.unity3d,scenario,.unity3d,233659
scenario/scenario_innerstage03.unity3d,scenario,.unity3d,289544
scenario/scenario_innerstage05.unity3d,scenario,.unity3d,241113
scenario/scenario_innerstage06.unity3d,scenario,.unity3d,239621
scenario/scenario_innerstage07.unity3d,scenario,.unity3d,171863
scenario/scenario_innerstage08.unity3d,scenario,.unity3d,171838
scenario/scenario_innerstage09.unity3d,scenario,.unity3d,262321
scenario/scenario_innerstage10.unity3d,scenario,.unity3d,269209
scenario/scenario_innerstage11.unity3d,scenario,.unity3d,271937
scenario/scenario_innerstage13.unity3d,scenario,.unity3d,200756
scenario/scenario_innerstage14.unity3d,scenario,.unity3d,248858
scenario/scenario_innerstage15.unity3d,scenario,.unity3d,226880
scenario/scenario_innerstage16.unity3d,scenario,.unity3d,223587
scenario/scenario_innerstage_alm.unity3d,scenario,.unity3d,132324
scenario/scenario_innerstage_lxy.unity3d,scenario,.unity3d,902899
scenario/scenario_innerstage_swnxs.unity3d,scenario,.unity3d,200051
scenario/scenario_innerstage_tlp.unity3d,scenario,.unity3d,284084
scenario/scenario_interior-ca-da00301.unity3d,scenario,.unity3d,341285
scenario/scenario_interior-ca-da00401.unity3d,scenario,.unity3d,342756
scenario/scenario_interior-ca-da00601.unity3d,scenario,.unity3d,466713
scenario/scenario_interior-ca-da00701.unity3d,scenario,.unity3d,123123
scenario/scenario_interior-ca-da00801.unity3d,scenario,.unity3d,354574
scenario/scenario_interior-ca-da01301.unity3d,scenario,.unity3d,492008
scenario/scenario_interior-ca-du00301.unity3d,scenario,.unity3d,300021
scenario/scenario_interior-ca-du01401.unity3d,scenario,.unity3d,209759
scenario/scenario_interior-ca-ni00101.unity3d,scenario,.unity3d,455621
scenario/scenario_interior-ca-ni00301.unity3d,scenario,.unity3d,262294
scenario/scenario_interior-ca-ni00401.unity3d,scenario,.unity3d,333092
scenario/scenario_interior-ca-ni00501.unity3d,scenario,.unity3d,140530
scenario/scenario_interior-ca-ni00801.unity3d,scenario,.unity3d,351092
scenario/scenario_interior-cp-ni00101.unity3d,scenario,.unity3d,93145
scenario/scenario_interior-dzt-da00101.unity3d,scenario,.unity3d,156911
scenario/scenario_interior-in-da00101.unity3d,scenario,.unity3d,199449
scenario/scenario_interior-in-da00201.unity3d,scenario,.unity3d,161650
scenario/scenario_interior-in-da00501.unity3d,scenario,.unity3d,190068
scenario/scenario_interior-in-ni00101.unity3d,scenario,.unity3d,158284
scenario/scenario_interior-in-ni00201.unity3d,scenario,.unity3d,422937
scenario/scenario_interior-in-ni00501.unity3d,scenario,.unity3d,231886
scenario/scenario_interior-in-ni01001.unity3d,scenario,.unity3d,315892
scenario/scenario_interior-pa-da00201.unity3d,scenario,.unity3d,230523
scenario/scenario_interior-pa-da00601.unity3d,scenario,.unity3d,164283
scenario/scenario_interior-pa-da01101-2.unity3d,scenario,.unity3d,200550
scenario/scenario_interior-pa-da01101.unity3d,scenario,.unity3d,434395
scenario/scenario_interior-pa-ni00101.unity3d,scenario,.unity3d,234605
scenario/scenario_interior-pa-ni00201.unity3d,scenario,.unity3d,178422
scenario/scenario_interior-pa-ni00701.unity3d,scenario,.unity3d,290756
scenario/scenario_interior-pa-ni01101.unity3d,scenario,.unity3d,144741
scenario/scenario_interior-spcl-da00101.unity3d,scenario,.unity3d,174106
scenario/scenario_interior-spcl-da00701.unity3d,scenario,.unity3d,248257
scenario/scenario_interior-spcl-da00801.unity3d,scenario,.unity3d,156528
scenario/scenario_interior-spcl-ni00201.unity3d,scenario,.unity3d,197913
scenario/scenario_interior-spcl-ni00202.unity3d,scenario,.unity3d,190891
scenario/scenario_interior-spcl-ni00203.unity3d,scenario,.unity3d,107371
scenario/scenario_interior-spcl-ni00301.unity3d,scenario,.unity3d,256977
scenario/scenario_interior-spcl-ni00401.unity3d,scenario,.unity3d,192756
scenario/scenario_interior-spcl-ni00501-1.unity3d,scenario,.unity3d,234643
scenario/scenario_interior-spcl-ni00601-2.unity3d,scenario,.unity3d,381792
scenario/scenario_interior-spcl-ni00601.unity3d,scenario,.unity3d,703006
scenario/scenario_interior-spcl-ni00602-2.unity3d,scenario,.unity3d,332705
scenario/scenario_interior-spcl-ni00602.unity3d,scenario,.unity3d,1419871
scenario/scenario_interior-spcl-ni00701.unity3d,scenario,.unity3d,240745
scenario/scenario_interior-spcl-ni00801.unity3d,scenario,.unity3d,172483
scenario/scenario_interior-ug-ni00101.unity3d,scenario,.unity3d,393417
scenario/scenario_interior-ug-ni00201.unity3d,scenario,.unity3d,411862
scenario/scenario_interior-ug-ni00301.unity3d,scenario,.unity3d,352925
scenario/scenario_interior-ug-ni00401.unity3d,scenario,.unity3d,321070
scenario/scenario_interior-ug-ni01501.unity3d,scenario,.unity3d,200382
scenario/scenario_lda-cave-da00101.unity3d,scenario,.unity3d,371173
scenario/scenario_lda-cave-ni00101.unity3d,scenario,.unity3d,419492
scenario/scenario_ldw-cp-du00101.unity3d,scenario,.unity3d,318091
scenario/scenario_ldw-cp-ni00101.unity3d,scenario,.unity3d,281744
scenario/scenario_lxy-cp-da00501.unity3d,scenario,.unity3d,182104
scenario/scenario_lxy-cp-dawn00101.unity3d,scenario,.unity3d,245750
scenario/scenario_lxy-cp-du00202.unity3d,scenario,.unity3d,333041
scenario/scenario_lxy-cp-ni00401-00.unity3d,scenario,.unity3d,235979
scenario/scenario_lxy-cp-ni00501.unity3d,scenario,.unity3d,162538
scenario/scenario_lxy-os-da00101.unity3d,scenario,.unity3d,521775
scenario/scenario_lxy-os-da00102.unity3d,scenario,.unity3d,901850
scenario/scenario_lxy-os-da00201.unity3d,scenario,.unity3d,133126
scenario/scenario_lxy-os-da00202.unity3d,scenario,.unity3d,146965
scenario/scenario_lxy-os-ni00202.unity3d,scenario,.unity3d,142236
scenario/scenario_lyc-arena-da00101.unity3d,scenario,.unity3d,294923
scenario/scenario_lyc-dm-da00101.unity3d,scenario,.unity3d,169595
scenario/scenario_lyc-dm-ni00101.unity3d,scenario,.unity3d,202818
scenario/scenario_lyc-dm-ni00102.unity3d,scenario,.unity3d,157174
scenario/scenario_lyc-dm-nico00101.unity3d,scenario,.unity3d,123649
scenario/scenario_lyc-dm-nico00102.unity3d,scenario,.unity3d,153771
scenario/scenario_lyc-dm-niri00101.unity3d,scenario,.unity3d,262131
scenario/scenario_lyc-dm-niri00102.unity3d,scenario,.unity3d,110863
scenario/scenario_lyc-mh-da00101.unity3d,scenario,.unity3d,267983
scenario/scenario_lyc-mh-du00101.unity3d,scenario,.unity3d,188384
scenario/scenario_lyc-mh-ni00101.unity3d,scenario,.unity3d,172539
scenario/scenario_lyc-os-da00101.unity3d,scenario,.unity3d,173661
scenario/scenario_lyc-os-ni00101.unity3d,scenario,.unity3d,273677
scenario/scenario_lyc-os-niri00101.unity3d,scenario,.unity3d,289585
scenario/scenario_lyc-pb-da00101.unity3d,scenario,.unity3d,167134
scenario/scenario_lyc-pb-ni00101.unity3d,scenario,.unity3d,205019
scenario/scenario_marsh-os-da00101.unity3d,scenario,.unity3d,215200
scenario/scenario_marsh-os-da00401.unity3d,scenario,.unity3d,286695
scenario/scenario_marsh-os-ni00101.unity3d,scenario,.unity3d,299965
scenario/scenario_marsh-os-ni00301.unity3d,scenario,.unity3d,120986
scenario/scenario_marsh-os-ni00501.unity3d,scenario,.unity3d,246188
scenario/scenario_marsh-spcl-da00101.unity3d,scenario,.unity3d,151518
scenario/scenario_marsh-spcl-ni00101.unity3d,scenario,.unity3d,177784
scenario/scenario_mountain-os-da00801-2.unity3d,scenario,.unity3d,442825
scenario/scenario_mountain-os-da00801.unity3d,scenario,.unity3d,569711
scenario/scenario_mountain-os-ni00801.unity3d,scenario,.unity3d,308485
scenario/scenario_mountain-spcl-da00101.unity3d,scenario,.unity3d,150056
scenario/scenario_mountain-spcl-da00401.unity3d,scenario,.unity3d,354816
scenario/scenario_mountain-spcl-du00301.unity3d,scenario,.unity3d,281682
scenario/scenario_mountain-spcl-ni00301.unity3d,scenario,.unity3d,236618
scenario/scenario_plain-cp-da00901.unity3d,scenario,.unity3d,855198
scenario/scenario_plain-cp-du00901.unity3d,scenario,.unity3d,483192
scenario/scenario_plain-cp-ni00401.unity3d,scenario,.unity3d,480944
scenario/scenario_plain-spcl-da00301.unity3d,scenario,.unity3d,342672
scenario/scenario_plain-spcl-da00501.unity3d,scenario,.unity3d,269878
scenario/scenario_plain-spcl-du00301.unity3d,scenario,.unity3d,314657
scenario/scenario_plain-spcl-ni00601.unity3d,scenario,.unity3d,246088
scenario/scenario_plain-spcl-nith00101.unity3d,scenario,.unity3d,224377
scenario/scenario_staff_alm.unity3d,scenario,.unity3d,4822198
scenario/scenario_staff_alm2.unity3d,scenario,.unity3d,8229990
scenario/scenario_staff_fhg.unity3d,scenario,.unity3d,5407744
scenario/scenario_staff_lxy1.unity3d,scenario,.unity3d,5120300
scenario/scenario_staff_qst.unity3d,scenario,.unity3d,5949394
scenario/scenario_staff_swn1.unity3d,scenario,.unity3d,5174671
scenario/scenario_staff_swn2.unity3d,scenario,.unity3d,6271329
scenario/scenario_staff_w.unity3d,scenario,.unity3d,60539
scenario/scenario_staff_wgj.unity3d,scenario,.unity3d,6977734
scenario/scenario_swn-cp-da00101.unity3d,scenario,.unity3d,117359
scenario/scenario_swn-cp-da00102.unity3d,scenario,.unity3d,248104
scenario/scenario_swn-cp-da00201.unity3d,scenario,.unity3d,227454
scenario/scenario_swn-cp-da00501.unity3d,scenario,.unity3d,167766
scenario/scenario_swn-cp-ni00101.unity3d,scenario,.unity3d,264655
scenario/scenario_swn-cp-ni00201.unity3d,scenario,.unity3d,147100
scenario/scenario_swn-cp-ni00501.unity3d,scenario,.unity3d,219080
scenario/scenario_swn-cp-nico00301.unity3d,scenario,.unity3d,287235
scenario/scenario_s_battle000_001.unity3d,scenario,.unity3d,262162
scenario/scenario_s_battle000_012-spcl_a.unity3d,scenario,.unity3d,576578
scenario/scenario_s_battle000_031.unity3d,scenario,.unity3d,392807
scenario/scenario_s_battle011.unity3d,scenario,.unity3d,321589
scenario/scenario_s_battle017.unity3d,scenario,.unity3d,346885
scenario/scenario_s_battle018.unity3d,scenario,.unity3d,150645
scenario/scenario_s_city-ca-da00101.unity3d,scenario,.unity3d,264606
scenario/scenario_s_city-ca-da00501.unity3d,scenario,.unity3d,364960
scenario/scenario_s_city-ca-da00601.unity3d,scenario,.unity3d,453015
scenario/scenario_s_city-ca-da00901.unity3d,scenario,.unity3d,406408
scenario/scenario_s_city-ca-du00101.unity3d,scenario,.unity3d,452724
scenario/scenario_s_city-ca-du00201.unity3d,scenario,.unity3d,932761
scenario/scenario_s_city-ca-du00702.unity3d,scenario,.unity3d,532643
scenario/scenario_s_city-cp-da00101.unity3d,scenario,.unity3d,251693
scenario/scenario_s_city-os-ni01202.unity3d,scenario,.unity3d,124393
scenario/scenario_s_city-pit-da00401.unity3d,scenario,.unity3d,182545
scenario/scenario_s_desert-os-da00101.unity3d,scenario,.unity3d,342662
scenario/scenario_s_desert-os-da00601.unity3d,scenario,.unity3d,141531
scenario/scenario_s_desert-os-ni01601.unity3d,scenario,.unity3d,179947
scenario/scenario_s_interior-pa-da00501.unity3d,scenario,.unity3d,161235
scenario/scenario_s_mountain-os-da01201.unity3d,scenario,.unity3d,359548
scenario/scenario_s_mountain-os-da01601.unity3d,scenario,.unity3d,201878
scenario/scenario_s_mountain-spcl-da00201.unity3d,scenario,.unity3d,336269
scenario/scenario_s_plain-cp-da00501.unity3d,scenario,.unity3d,414878
scenario/scenario_s_plain-cp-ni00201.unity3d,scenario,.unity3d,166281
scenario/scenario_s_plain-os-da00201.unity3d,scenario,.unity3d,214728
scenario/scenario_s_plain-os-da00701.unity3d,scenario,.unity3d,390505
scenario/scenario_s_plain-os-da00801.unity3d,scenario,.unity3d,166361
scenario/scenario_s_plain-os-ni00501.unity3d,scenario,.unity3d,191094
scenario/scenario_s_plain-os-ni00701.unity3d,scenario,.unity3d,395855
scenario/scenario_tarot_get.unity3d,scenario,.unity3d,63727
scenario/scenario_tarot_put.unity3d,scenario,.unity3d,87457
scenario/scenario_ui_daynightswitch.unity3d,scenario,.unity3d,100074
scenario/scenario_voice_ep0_1.unity3d,scenario,.unity3d,450012
scene/afk.unity3d,scene,.unity3d,2819381
scene/gacha.unity3d,scene,.unity3d,438764
ui/activitybigstage1.unity3d,ui,.unity3d,2439987
ui/activitybigstage2.unity3d,ui,.unity3d,1247974
ui/activitylittleadventurestage2.unity3d,ui,.unity3d,741529
ui/activityworldbossstage2.unity3d,ui,.unity3d,875398
ui/missiondetail.unity3d,ui,.unity3d,651629
ui/missioneditor.unity3d,ui,.unity3d,4808905
ui/popupmissionbuffpoolinfo.unity3d,ui,.unity3d,20508
ui/scenario.unity3d,ui,.unity3d,132437
ui/worldmap.unity3d,ui,.unity3d,1325581
ui/worldmapperformance.unity3d,ui,.unity3d,890637
worldboss/map/worldboss_001-2.unity3d,worldboss/map,.unity3d,333151
worldboss/map/worldboss_001.unity3d,worldboss/map,.unity3d,347224
worldboss/map/worldboss_002-ldw-2.unity3d,worldboss/map,.unity3d,547363
worldboss/map/worldboss_002-ldw.unity3d,worldboss/map,.unity3d,542880
ui/activity_nodes/missiondetaillimitactivity.unity3d,ui/activity_nodes,.unity3d,150967
ui/gacha_ad/advertisement_optional_weapon1up_stage2.unity3d,ui/gacha_ad,.unity3d,85652
ui/gacha_ad/template1_1up_stage2role_c_id190.unity3d,ui/gacha_ad,.unity3d,37445
ui/gacha_ad/template1_1up_stage2role_g_id187.unity3d,ui/gacha_ad,.unity3d,37346
ui/gacha_ad/template1_1up_stage2role_t_id189.unity3d,ui/gacha_ad,.unity3d,37546
ui/gacha_ad/template1_1up_stage2role_y_id188.unity3d,ui/gacha_ad,.unity3d,37551
ui/onlinebattlepass_nodes/onlinebattlepass_missiondetail.unity3d,ui/onlinebattlepass_nodes,.unity3d,104676
ui/operation_activity/item_bigstage1_checkin.unity3d,ui/operation_activity,.unity3d,71900
ui/operation_activity/operationactivity_bigstage1.unity3d,ui/operation_activity,.unity3d,210766
ui/operation_activity/operationactivity_bigstage1_checkin.unity3d,ui/operation_activity,.unity3d,468428
ui/operation_activity/operationactivity_bigstage1_gacha.unity3d,ui/operation_activity,.unity3d,369866
ui/operation_activity/operationactivity_bigstage1_guidance.unity3d,ui/operation_activity,.unity3d,298161
ui/operation_activity/operationactivity_bigstage2.unity3d,ui/operation_activity,.unity3d,284477
ui/operation_activity/operationactivity_bigstage2_checkin.unity3d,ui/operation_activity,.unity3d,465900
ui/operation_activity/operationactivity_bigstage2_gift.unity3d,ui/operation_activity,.unity3d,127516
ui/operation_activity/operationactivity_jigsawstage2.unity3d,ui/operation_activity,.unity3d,295901
ui/operation_activity/operationactivity_littleadventurestage2.unity3d,ui/operation_activity,.unity3d,128704
ui/operation_activity/operationactivity_optionalweapon1upstage2.unity3d,ui/operation_activity,.unity3d,78197
ui/operation_activity/operationactivity_schedulestage2.unity3d,ui/operation_activity,.unity3d,84777
ui/operation_activity/operationactivity_shopskinstage2roleg.unity3d,ui/operation_activity,.unity3d,170540
ui/operation_activity/operationactivity_shopskinstage2rolet.unity3d,ui/operation_activity,.unity3d,200452
ui/operation_activity/operationactivity_skingachastage2roley.unity3d,ui/operation_activity,.unity3d,719970
ui/operation_activity/operationactivity_stage2gacha.unity3d,ui/operation_activity,.unity3d,176217
ui/operation_activity/operationactivity_worldbossstage2.unity3d,ui/operation_activity,.unity3d,237338
ui/operation_activity/popupjigsawstage2share.unity3d,ui/operation_activity,.unity3d,15709
ui/operation_activity/popupschedulestage2unlock.unity3d,ui/operation_activity,.unity3d,57201
ui/operation_activity/tmpschedulestage2pic.unity3d,ui/operation_activity,.unity3d,22785
ui/quest_questnodes/stagenodebonus.unity3d,ui/quest_questnodes,.unity3d,28325
ui/quest_questnodes/stagenodeboss.unity3d,ui/quest_questnodes,.unity3d,58523
ui/quest_questnodes/stagenodeelite.unity3d,ui/quest_questnodes,.unity3d,57919
ui/quest_questnodes/stagenodenormal.unity3d,ui/quest_questnodes,.unity3d,57539
ui/quest_questnodes/uihardmissiondetailquestview.unity3d,ui/quest_questnodes,.unity3d,173727
share/anim/share_activitybigstage1.unity3d,share/anim,.unity3d,6700
share/anim/share_activitybigstage2.unity3d,share/anim,.unity3d,6659
share/anim/share_map.unity3d,share/anim,.unity3d,8493
share/anim/share_scenario_battle002.unity3d,share/anim,.unity3d,12034
share/anim/share_scenario_cave-in-ni01101.unity3d,share/anim,.unity3d,6273
share/anim/share_scenario_createchar.unity3d,share/anim,.unity3d,6180
share/anim/share_scenario_dls_virtual-sky-da00303.unity3d,share/anim,.unity3d,9346
share/anim/share_scenario_end.unity3d,share/anim,.unity3d,6060
share/anim/share_scenario_mountain-os-da00801.unity3d,share/anim,.unity3d,6063
share/anim/share_scenario_staff_qst.unity3d,share/anim,.unity3d,6095
share/anim/share_scene_city-os-niri00501.unity3d,share/anim,.unity3d,6093
share/anim/share_worldmapui.unity3d,share/anim,.unity3d,10923
share/playable/share_scenario.unity3d,share/playable,.unity3d,6524
share/playable/share_scenario_alm-mk-da00101.unity3d,share/playable,.unity3d,31078
share/playable/share_scenario_alm-os-ni00201.unity3d,share/playable,.unity3d,20088
share/playable/share_scenario_alm-thea-da00101.unity3d,share/playable,.unity3d,30260
share/playable/share_scenario_cave-in-ni01101.unity3d,share/playable,.unity3d,28154
share/playable/share_scenario_city-ca-da02301.unity3d,share/playable,.unity3d,26318
share/playable/share_scenario_city-os-da00901.unity3d,share/playable,.unity3d,25546
share/playable/share_scenario_city-os-da01702.unity3d,share/playable,.unity3d,28168
share/playable/share_scenario_city-os-du00501.unity3d,share/playable,.unity3d,39268
share/playable/share_scenario_city-os-du00502.unity3d,share/playable,.unity3d,18728
share/playable/share_scenario_city-spcl-da00101.unity3d,share/playable,.unity3d,25114
share/playable/share_scenario_city-spcl-da00501.unity3d,share/playable,.unity3d,27968
share/playable/share_scenario_city-spcl-da00801.unity3d,share/playable,.unity3d,75115
share/playable/share_scenario_city-spcl-da00901-00.unity3d,share/playable,.unity3d,25879
share/playable/share_scenario_city-spcl-da00901-01.unity3d,share/playable,.unity3d,34939
share/playable/share_scenario_city-spcl-dawn00401.unity3d,share/playable,.unity3d,29613
share/playable/share_scenario_city-spcl-du00301.unity3d,share/playable,.unity3d,29840
share/playable/share_scenario_city-spcl-ni00301.unity3d,share/playable,.unity3d,28359
share/playable/share_scenario_city-spcl-ni00701.unity3d,share/playable,.unity3d,37187
share/playable/share_scenario_desert-spcl-da00201-1.unity3d,share/playable,.unity3d,81562
share/playable/share_scenario_desert-spcl-da00201.unity3d,share/playable,.unity3d,31544
share/playable/share_scenario_dialoguebubble.unity3d,share/playable,.unity3d,4864
share/playable/share_scenario_dls_virtual-sky-da00301.unity3d,share/playable,.unity3d,36907
share/playable/share_scenario_dls_virtual-sky-da00303.unity3d,share/playable,.unity3d,93952
share/playable/share_scenario_end_alm.unity3d,share/playable,.unity3d,11582
share/playable/share_scenario_end_swn.unity3d,share/playable,.unity3d,10362
share/playable/share_scenario_end_swn_02.unity3d,share/playable,.unity3d,9284
share/playable/share_scenario_end_union-a.unity3d,share/playable,.unity3d,9971
share/playable/share_scenario_friendship_hcrimsonlavierfset.unity3d,share/playable,.unity3d,20509
share/playable/share_scenario_friendship_hknightsoldknight.unity3d,share/playable,.unity3d,14940
share/playable/share_scenario_friendship_hknightspaladinf.unity3d,share/playable,.unity3d,13323
share/playable/share_scenario_friendship_hplayersisterlavier.unity3d,share/playable,.unity3d,16564
share/playable/share_scenario_friendship_hsolomonparrotgirl.unity3d,share/playable,.unity3d,29345
share/playable/share_scenario_friendship_hvildersistersinger.unity3d,share/playable,.unity3d,16140
share/playable/share_scenario_fs_hcrimsonhousemaidkiller.unity3d,share/playable,.unity3d,18769
share/playable/share_scenario_fs_hiriacommandermset.unity3d,share/playable,.unity3d,17826
share/playable/share_scenario_fs_hirialadymunafset.unity3d,share/playable,.unity3d,20798
share/playable/share_scenario_fs_hpapalcommandermset.unity3d,share/playable,.unity3d,20161
share/playable/share_scenario_fs_hvildergraywolfmset.unity3d,share/playable,.unity3d,21167
share/playable/share_scenario_home-ch-da00101.unity3d,share/playable,.unity3d,20640
share/playable/share_scenario_home-fh-da00101.unity3d,share/playable,.unity3d,12344
share/playable/share_scenario_home-fh-da00201.unity3d,share/playable,.unity3d,27740
share/playable/share_scenario_home-fh-da00302.unity3d,share/playable,.unity3d,22170
share/playable/share_scenario_home-fh-ni00301.unity3d,share/playable,.unity3d,28506
share/playable/share_scenario_home-fh-niri00301.unity3d,share/playable,.unity3d,22040
share/playable/share_scenario_home-mh-da00101.unity3d,share/playable,.unity3d,58214
share/playable/share_scenario_home-mh-daco00101.unity3d,share/playable,.unity3d,18487
share/playable/share_scenario_home-os-da00201.unity3d,share/playable,.unity3d,27968
share/playable/share_scenario_home-pb-ni00109.unity3d,share/playable,.unity3d,29855
share/playable/share_scenario_innerstage02.unity3d,share/playable,.unity3d,12450
share/playable/share_scenario_innerstage13.unity3d,share/playable,.unity3d,13091
share/playable/share_scenario_innerstage15.unity3d,share/playable,.unity3d,14100
share/playable/share_scenario_innerstage16.unity3d,share/playable,.unity3d,18630
share/playable/share_scenario_innerstage_tlp.unity3d,share/playable,.unity3d,14247
share/playable/share_scenario_interior-ca-ni00801.unity3d,share/playable,.unity3d,54192
share/playable/share_scenario_interior-dzt-da00101.unity3d,share/playable,.unity3d,36723
share/playable/share_scenario_interior-in-da00101.unity3d,share/playable,.unity3d,27955
share/playable/share_scenario_interior-in-da00201.unity3d,share/playable,.unity3d,22884
share/playable/share_scenario_interior-in-ni00101.unity3d,share/playable,.unity3d,34812
share/playable/share_scenario_interior-pa-ni00101.unity3d,share/playable,.unity3d,42457
share/playable/share_scenario_interior-pa-ni00201.unity3d,share/playable,.unity3d,25499
share/playable/share_scenario_interior-spcl-da00801.unity3d,share/playable,.unity3d,29550
share/playable/share_scenario_interior-spcl-ni00203.unity3d,share/playable,.unity3d,12037
share/playable/share_scenario_interior-spcl-ni00401.unity3d,share/playable,.unity3d,34977
share/playable/share_scenario_interior-spcl-ni00601.unity3d,share/playable,.unity3d,40069
share/playable/share_scenario_lda-cave-da00101.unity3d,share/playable,.unity3d,61870
share/playable/share_scenario_ldw-cp-ni00101.unity3d,share/playable,.unity3d,19536
share/playable/share_scenario_lxy-cp-da00501.unity3d,share/playable,.unity3d,35938
share/playable/share_scenario_lxy-cp-ni00501.unity3d,share/playable,.unity3d,19890
share/playable/share_scenario_lxy-os-da00201.unity3d,share/playable,.unity3d,21952
share/playable/share_scenario_lxy-os-da00202.unity3d,share/playable,.unity3d,26938
share/playable/share_scenario_lyc-dm-ni00101.unity3d,share/playable,.unity3d,58934
share/playable/share_scenario_lyc-dm-nico00101.unity3d,share/playable,.unity3d,21921
share/playable/share_scenario_lyc-dm-niri00101.unity3d,share/playable,.unity3d,21475
share/playable/share_scenario_lyc-os-ni00101.unity3d,share/playable,.unity3d,31337
share/playable/share_scenario_lyc-pb-da00101.unity3d,share/playable,.unity3d,18499
share/playable/share_scenario_marsh-os-da00401.unity3d,share/playable,.unity3d,52903
share/playable/share_scenario_mountain-os-da00801.unity3d,share/playable,.unity3d,91345
share/playable/share_scenario_mountain-spcl-da00101.unity3d,share/playable,.unity3d,16990
share/playable/share_scenario_plain-cp-da00901.unity3d,share/playable,.unity3d,74504
share/playable/share_scenario_plain-spcl-da00301.unity3d,share/playable,.unity3d,28191
share/playable/share_scenario_plain-spcl-ni00601.unity3d,share/playable,.unity3d,46989
share/playable/share_scenario_plain-spcl-nith00101.unity3d,share/playable,.unity3d,29609
share/playable/share_scenario_sisi.unity3d,share/playable,.unity3d,8033
share/playable/share_scenario_staff_alm.unity3d,share/playable,.unity3d,12551
share/playable/share_scenario_staff_swn1.unity3d,share/playable,.unity3d,12550
share/playable/share_scenario_staff_wgj.unity3d,share/playable,.unity3d,12906
share/playable/share_scenario_swn-cp-da00101.unity3d,share/playable,.unity3d,21288
share/playable/share_scenario_swn-cp-da00501.unity3d,share/playable,.unity3d,26927
share/playable/share_scenario_swn-cp-ni00201.unity3d,share/playable,.unity3d,32284
share/playable/share_scenario_swn-cp-ni00501.unity3d,share/playable,.unity3d,46089
share/playable/share_scenario_s_battle018.unity3d,share/playable,.unity3d,23662
share/playable/share_scenario_s_city-ca-da00101.unity3d,share/playable,.unity3d,32486
share/playable/share_scenario_s_desert-os-da00601.unity3d,share/playable,.unity3d,28169
share/playable/share_scenario_s_plain-os-da00201.unity3d,share/playable,.unity3d,23886
share/playable/share_scenario_s_plain-os-da00701.unity3d,share/playable,.unity3d,30402
share/playable/share_scenario_yaoqiu.unity3d,share/playable,.unity3d,23276
share/playable/share_stage_effect.unity3d,share/playable,.unity3d,4628
scene/weather/android.unity3d,scene/weather,.unity3d,2145
scene/weather/cloud.unity3d,scene/weather,.unity3d,3586
scene/weather/dark.unity3d,scene/weather,.unity3d,3481
scene/weather/defaultcurve.unity3d,scene/weather,.unity3d,3057
scene/weather/despairrain.unity3d,scene/weather,.unity3d,3511
scene/weather/despairrainheavy.unity3d,scene/weather,.unity3d,3539
scene/weather/dream.unity3d,scene/weather,.unity3d,3502
scene/weather/firestar.unity3d,scene/weather,.unity3d,3494
scene/weather/flower_da.unity3d,scene/weather,.unity3d,3442
scene/weather/fog_da.unity3d,scene/weather,.unity3d,3487
scene/weather/fog_ni.unity3d,scene/weather,.unity3d,3509
scene/weather/globaltextureconfig.unity3d,scene/weather,.unity3d,2028
scene/weather/ios.unity3d,scene/weather,.unity3d,2137
scene/weather/lighting.unity3d,scene/weather,.unity3d,3487
scene/weather/memory.unity3d,scene/weather,.unity3d,3452
scene/weather/overrideobject.unity3d,scene/weather,.unity3d,3508
scene/weather/pc.unity3d,scene/weather,.unity3d,2137
scene/weather/pc_runtime.unity3d,scene/weather,.unity3d,2143
scene/weather/rain.unity3d,scene/weather,.unity3d,3611
scene/weather/rainheavy_da.unity3d,scene/weather,.unity3d,3608
scene/weather/rainheavy_ni.unity3d,scene/weather,.unity3d,3612
scene/weather/rainsmall.unity3d,scene/weather,.unity3d,3580
scene/weather/rainsmall_01.unity3d,scene/weather,.unity3d,3594
scene/weather/sandstorm.unity3d,scene/weather,.unity3d,3535
scene/weather/sandstorm_ni.unity3d,scene/weather,.unity3d,3535
scene/weather/sandstorm_rain.unity3d,scene/weather,.unity3d,3555
scene/weather/scene_weather1.unity3d,scene/weather,.unity3d,17420
scene/weather/snow.unity3d,scene/weather,.unity3d,3498
scene/weather/snowheavy_da.unity3d,scene/weather,.unity3d,3520
scene/weather/snowheavy_ni.unity3d,scene/weather,.unity3d,3511
scene/weather/sun.unity3d,scene/weather,.unity3d,3463
scene/weather/suntorain.unity3d,scene/weather,.unity3d,3287
scene/weather/thunderconfig.unity3d,scene/weather,.unity3d,2507
scene/weather/weathergroup.unity3d,scene/weather,.unity3d,3146
scenario/ending_mask/ending_swnpart1_01.unity3d,scenario/ending_mask,.unity3d,2446
scenario/ending_mask/scenario_mask_endingcard_0006_b.unity3d,scenario/ending_mask,.unity3d,2479
scenario/ending_mask/scenario_mask_endingcard_0015.unity3d,scenario/ending_mask,.unity3d,2455
scenario/ending_mask/scenario_mask_endingcard_kingsarmy_01.unity3d,scenario/ending_mask,.unity3d,2464
scenario/ending_mask/scenario_mask_endingcard_papalstates_01.unity3d,scenario/ending_mask,.unity3d,2486
scenario/ending_mask/scenario_mask_endingcard_papalstates_02.unity3d,scenario/ending_mask,.unity3d,2487
scenario/ending_mask/scenario_mask_endingcard_pl.unity3d,scenario/ending_mask,.unity3d,2463
scenario/ending_mask/scenario_mask_ending_00015_1.unity3d,scenario/ending_mask,.unity3d,2472
scenario/ending_mask/scenario_mask_ending_00015_1f.unity3d,scenario/ending_mask,.unity3d,246745
scenario/ending_mask/scenario_mask_ending_00015_2.unity3d,scenario/ending_mask,.unity3d,239431
scenario/ending_mask/scenario_mask_ending_0006_b_1.unity3d,scenario/ending_mask,.unity3d,2454
scenario/ending_mask/scenario_mask_ending_0006_b_2.unity3d,scenario/ending_mask,.unity3d,2477
scenario/ending_mask/scenario_mask_ending_0008_1.unity3d,scenario/ending_mask,.unity3d,2449
scenario/ending_mask/scenario_mask_ending_0008_2.unity3d,scenario/ending_mask,.unity3d,2471
scenario/ending_mask/scenario_mask_ending_0008_2f.unity3d,scenario/ending_mask,.unity3d,239519
scenario/ending_mask/scenario_mask_ending_0008_3.unity3d,scenario/ending_mask,.unity3d,2472
scenario/ending_mask/scenario_mask_ending_0008_3f.unity3d,scenario/ending_mask,.unity3d,231221
scenario/ending_mask/scenario_mask_ending_0008_4.unity3d,scenario/ending_mask,.unity3d,2471
scenario/ending_mask/scenario_mask_ending_0008_4f.unity3d,scenario/ending_mask,.unity3d,234183
scenario/ending_mask/scenario_mask_ending_0008_5.unity3d,scenario/ending_mask,.unity3d,2471
scenario/ending_mask/scenario_mask_ending_0008_5f.unity3d,scenario/ending_mask,.unity3d,252106
scenario/ending_mask/scenario_mask_ending_0049_1.unity3d,scenario/ending_mask,.unity3d,241285
scenario/ending_mask/scenario_mask_ending_0049_2.unity3d,scenario/ending_mask,.unity3d,241598
scenario/ending_mask/scenario_mask_ending_0049_3.unity3d,scenario/ending_mask,.unity3d,243548
scenario/ending_mask/scenario_mask_ending_12-16_1.unity3d,scenario/ending_mask,.unity3d,172450
scenario/ending_mask/scenario_mask_ending_12-16_1f.unity3d,scenario/ending_mask,.unity3d,172146
scenario/ending_mask/scenario_mask_ending_12-16_2.unity3d,scenario/ending_mask,.unity3d,194863
scenario/ending_mask/scenario_mask_ending_12-16_2f.unity3d,scenario/ending_mask,.unity3d,193748
scenario/ending_mask/scenario_mask_ending_12-16_3.unity3d,scenario/ending_mask,.unity3d,192619
scenario/ending_mask/scenario_mask_ending_12-16_3f.unity3d,scenario/ending_mask,.unity3d,192624
scenario/ending_mask/scenario_mask_ending_12-16_4.unity3d,scenario/ending_mask,.unity3d,188987
scenario/ending_mask/scenario_mask_ending_12-16_5.unity3d,scenario/ending_mask,.unity3d,248201
scenario/ending_mask/scenario_mask_ending_12-16_5f.unity3d,scenario/ending_mask,.unity3d,248767
scenario/ending_mask/scenario_mask_ending_12-16_6.unity3d,scenario/ending_mask,.unity3d,175761
scenario/ending_mask/scenario_mask_ending_12-16_6f.unity3d,scenario/ending_mask,.unity3d,174751
scenario/ending_mask/scenario_mask_ending_12-16_7.unity3d,scenario/ending_mask,.unity3d,158268
scenario/ending_mask/scenario_mask_ending_12-16_7f.unity3d,scenario/ending_mask,.unity3d,158436
scenario/ending_mask/scenario_mask_ending_act8zhzs_1.unity3d,scenario/ending_mask,.unity3d,1576826
scenario/ending_mask/scenario_mask_ending_act8zhzs_2.unity3d,scenario/ending_mask,.unity3d,1140228
scenario/ending_mask/scenario_mask_ending_alkxmxqx_1.unity3d,scenario/ending_mask,.unity3d,1781755
scenario/ending_mask/scenario_mask_ending_bpl_1.unity3d,scenario/ending_mask,.unity3d,2450
scenario/ending_mask/scenario_mask_ending_bpl_2.unity3d,scenario/ending_mask,.unity3d,2471
scenario/ending_mask/scenario_mask_ending_bpl_2f.unity3d,scenario/ending_mask,.unity3d,225351
scenario/ending_mask/scenario_mask_ending_fqpjj_4.unity3d,scenario/ending_mask,.unity3d,2473
scenario/ending_mask/scenario_mask_ending_fqpjj_4f.unity3d,scenario/ending_mask,.unity3d,2453
scenario/ending_mask/scenario_mask_ending_fzxjj_3.unity3d,scenario/ending_mask,.unity3d,2450
scenario/ending_mask/scenario_mask_ending_fzxjj_4.unity3d,scenario/ending_mask,.unity3d,2473
scenario/ending_mask/scenario_mask_ending_fzxjj_4f.unity3d,scenario/ending_mask,.unity3d,2453
scenario/ending_mask/scenario_mask_ending_lxyxdp_1.unity3d,scenario/ending_mask,.unity3d,1570508
scenario/ending_mask/scenario_mask_ending_lxyxdp_2.unity3d,scenario/ending_mask,.unity3d,1505797
scenario/ending_mask/scenario_mask_ending_lxyxdp_3.unity3d,scenario/ending_mask,.unity3d,1585115
scenario/ending_mask/scenario_mask_ending_mask_mzsl.unity3d,scenario/ending_mask,.unity3d,1442229
scenario/ending_mask/scenario_mask_ending_mask_mzsl_2.unity3d,scenario/ending_mask,.unity3d,1377258
scenario/ending_mask/scenario_mask_ending_mgzs_1.unity3d,scenario/ending_mask,.unity3d,210358
scenario/ending_mask/scenario_mask_ending_pl_1.unity3d,scenario/ending_mask,.unity3d,237480
scenario/ending_mask/scenario_mask_ending_pl_1f.unity3d,scenario/ending_mask,.unity3d,237044
scenario/ending_mask/scenario_mask_ending_pl_2.unity3d,scenario/ending_mask,.unity3d,264532
scenario/ending_mask/scenario_mask_ending_pl_2f.unity3d,scenario/ending_mask,.unity3d,265109
scenario/ending_mask/scenario_mask_ending_pl_3.unity3d,scenario/ending_mask,.unity3d,223179
scenario/ending_mask/scenario_mask_ending_pl_3f.unity3d,scenario/ending_mask,.unity3d,222603
scenario/ending_mask/scenario_mask_ending_qpjj_1.unity3d,scenario/ending_mask,.unity3d,2449
scenario/ending_mask/scenario_mask_ending_qpjj_2.unity3d,scenario/ending_mask,.unity3d,2448
scenario/ending_mask/scenario_mask_ending_qpjj_3.unity3d,scenario/ending_mask,.unity3d,2471
scenario/ending_mask/scenario_mask_ending_qpjj_4.unity3d,scenario/ending_mask,.unity3d,2448
scenario/ending_mask/scenario_mask_ending_qpjj_4f.unity3d,scenario/ending_mask,.unity3d,2473
scenario/ending_mask/scenario_mask_ending_rgdc_1.unity3d,scenario/ending_mask,.unity3d,248000
scenario/ending_mask/scenario_mask_ending_rgdc_2.unity3d,scenario/ending_mask,.unity3d,233666
scenario/ending_mask/scenario_mask_ending_rj_1.unity3d,scenario/ending_mask,.unity3d,2469
scenario/ending_mask/scenario_mask_ending_rj_2.unity3d,scenario/ending_mask,.unity3d,212368
scenario/ending_mask/scenario_mask_ending_sfydbk_1.unity3d,scenario/ending_mask,.unity3d,447135
scenario/ending_mask/scenario_mask_ending_sfydbk_2.unity3d,scenario/ending_mask,.unity3d,445101
scenario/ending_mask/scenario_mask_ending_smwed_1.unity3d,scenario/ending_mask,.unity3d,224914
scenario/ending_mask/scenario_mask_ending_smwed_1f.unity3d,scenario/ending_mask,.unity3d,241412
scenario/ending_mask/scenario_mask_ending_smwed_2.unity3d,scenario/ending_mask,.unity3d,220601
scenario/ending_mask/scenario_mask_ending_smwed_2f.unity3d,scenario/ending_mask,.unity3d,229606
scenario/ending_mask/scenario_mask_ending_smwed_3.unity3d,scenario/ending_mask,.unity3d,204982
scenario/ending_mask/scenario_mask_ending_smwed_3f.unity3d,scenario/ending_mask,.unity3d,219067
scenario/ending_mask/scenario_mask_ending_smwed_4.unity3d,scenario/ending_mask,.unity3d,205792
scenario/ending_mask/scenario_mask_ending_smwed_4f.unity3d,scenario/ending_mask,.unity3d,230294
scenario/ending_mask/scenario_mask_ending_smwed_5.unity3d,scenario/ending_mask,.unity3d,210611
scenario/ending_mask/scenario_mask_ending_smwed_5f.unity3d,scenario/ending_mask,.unity3d,210562
scenario/ending_mask/scenario_mask_ending_ssfkxyy_1.unity3d,scenario/ending_mask,.unity3d,1590693
scenario/ending_mask/scenario_mask_ending_ssfkxyy_2.unity3d,scenario/ending_mask,.unity3d,1526066
scenario/ending_mask/scenario_mask_ending_ssfkxyy_2f.unity3d,scenario/ending_mask,.unity3d,231576
scenario/ending_mask/scenario_mask_ending_ssfkxyy_3.unity3d,scenario/ending_mask,.unity3d,210168
scenario/ending_mask/scenario_mask_ending_ssfkxyy_4.unity3d,scenario/ending_mask,.unity3d,253092
scenario/ending_mask/scenario_mask_ending_ssfkxyy_5.unity3d,scenario/ending_mask,.unity3d,232549
scenario/ending_mask/scenario_mask_ending_ssfkxyy_6.unity3d,scenario/ending_mask,.unity3d,1564326
scenario/ending_mask/scenario_mask_ending_ssfkxyy_7.unity3d,scenario/ending_mask,.unity3d,214827
scenario/ending_mask/scenario_mask_ending_ssfkxyy_7f.unity3d,scenario/ending_mask,.unity3d,217100
scenario/ending_mask/scenario_mask_ending_ssfkxyy_8.unity3d,scenario/ending_mask,.unity3d,253061
scenario/ending_mask/scenario_mask_ending_ssfkxyy_8f.unity3d,scenario/ending_mask,.unity3d,252769
scenario/ending_mask/scenario_mask_ending_swn_adzxz.unity3d,scenario/ending_mask,.unity3d,1507057
scenario/ending_mask/scenario_mask_ending_swn_chtz.unity3d,scenario/ending_mask,.unity3d,1452927
scenario/ending_mask/scenario_mask_ending_swn_chtz_2.unity3d,scenario/ending_mask,.unity3d,1455466
scenario/ending_mask/scenario_mask_ending_swn_chtz_2f.unity3d,scenario/ending_mask,.unity3d,1454304
scenario/ending_mask/scenario_mask_ending_swn_gdsjbf.unity3d,scenario/ending_mask,.unity3d,1602385
scenario/ending_mask/scenario_mask_ending_swn_hx_1.unity3d,scenario/ending_mask,.unity3d,1518044
scenario/ending_mask/scenario_mask_ending_swn_hx_2.unity3d,scenario/ending_mask,.unity3d,1161468
scenario/ending_mask/scenario_mask_ending_swn_hx_3.unity3d,scenario/ending_mask,.unity3d,396928
scenario/ending_mask/scenario_mask_ending_swn_hx_3f.unity3d,scenario/ending_mask,.unity3d,396975
scenario/ending_mask/scenario_mask_ending_swn_hx_4.unity3d,scenario/ending_mask,.unity3d,414090
scenario/ending_mask/scenario_mask_ending_swn_hx_4f.unity3d,scenario/ending_mask,.unity3d,414043
scenario/ending_mask/scenario_mask_ending_swn_jjynh_1.unity3d,scenario/ending_mask,.unity3d,1523229
scenario/ending_mask/scenario_mask_ending_swn_jjynh_2.unity3d,scenario/ending_mask,.unity3d,1555324
scenario/ending_mask/scenario_mask_ending_swn_jjynh_3.unity3d,scenario/ending_mask,.unity3d,1144957
scenario/ending_mask/scenario_mask_ending_swn_jjynh_4.unity3d,scenario/ending_mask,.unity3d,1567551
scenario/ending_mask/scenario_mask_ending_swn_jjynh_5.unity3d,scenario/ending_mask,.unity3d,2480
scenario/ending_mask/scenario_mask_ending_swn_jjynh_6.unity3d,scenario/ending_mask,.unity3d,2454
scenario/ending_mask/scenario_mask_ending_swn_jjynh_7.unity3d,scenario/ending_mask,.unity3d,2480
scenario/ending_mask/scenario_mask_ending_swn_jjynh_8.unity3d,scenario/ending_mask,.unity3d,2455
scenario/ending_mask/scenario_mask_ending_swn_jxqj.unity3d,scenario/ending_mask,.unity3d,1588180
scenario/ending_mask/scenario_mask_ending_swn_mqjf.unity3d,scenario/ending_mask,.unity3d,1569249
scenario/ending_mask/scenario_mask_ending_swn_mqjf_2.unity3d,scenario/ending_mask,.unity3d,1448099
scenario/ending_mask/scenario_mask_ending_swn_qwlyc.unity3d,scenario/ending_mask,.unity3d,2455
scenario/ending_mask/scenario_mask_ending_swn_tccxb.unity3d,scenario/ending_mask,.unity3d,429697
scenario/ending_mask/scenario_mask_ending_swn_tccxb_2.unity3d,scenario/ending_mask,.unity3d,1611217
scenario/ending_mask/scenario_mask_ending_swn_xllxzqj.unity3d,scenario/ending_mask,.unity3d,1626570
scenario/ending_mask/scenario_mask_ending_swn_xllxzqj_2.unity3d,scenario/ending_mask,.unity3d,1616065
scenario/ending_mask/scenario_mask_ending_swn_ylxd.unity3d,scenario/ending_mask,.unity3d,2453
scenario/ending_mask/scenario_mask_ending_swn_ylxd_2.unity3d,scenario/ending_mask,.unity3d,1573511
scenario/ending_mask/scenario_mask_ending_tsjj_1.unity3d,scenario/ending_mask,.unity3d,195137
scenario/ending_mask/scenario_mask_ending_tsjj_1f.unity3d,scenario/ending_mask,.unity3d,194106
scenario/ending_mask/scenario_mask_ending_tsjj_2.unity3d,scenario/ending_mask,.unity3d,195653
scenario/ending_mask/scenario_mask_ending_tsjj_2f.unity3d,scenario/ending_mask,.unity3d,194966
scenario/ending_mask/scenario_mask_ending_tsjj_3.unity3d,scenario/ending_mask,.unity3d,182502
scenario/ending_mask/scenario_mask_ending_tsjj_3f.unity3d,scenario/ending_mask,.unity3d,181287
scenario/ending_mask/scenario_mask_ending_tsjj_4.unity3d,scenario/ending_mask,.unity3d,195519
scenario/ending_mask/scenario_mask_ending_tsjj_4f.unity3d,scenario/ending_mask,.unity3d,194881
scenario/ending_mask/scenario_mask_ending_yjtzs_1.unity3d,scenario/ending_mask,.unity3d,252989
scenario/ending_mask/scenario_mask_ending_zjgg_2.unity3d,scenario/ending_mask,.unity3d,218069
scenario/ending_mask/scenario_mask_ending_zjgg_3.unity3d,scenario/ending_mask,.unity3d,261821
scenario/ending_mask/scenario_mask_ending_zjgg_3f.unity3d,scenario/ending_mask,.unity3d,259327
scenario/ending_mask/scenario_mask_ending_zyrz.unity3d,scenario/ending_mask,.unity3d,1428935
scenario/ending_mask/scenario_mask_ep0_1.unity3d,scenario/ending_mask,.unity3d,252405
scenario/ending_mask/scenario_mask_ep0_10.unity3d,scenario/ending_mask,.unity3d,205662
scenario/ending_mask/scenario_mask_ep0_10f.unity3d,scenario/ending_mask,.unity3d,205838
scenario/ending_mask/scenario_mask_ep0_2.unity3d,scenario/ending_mask,.unity3d,238478
scenario/ending_mask/scenario_mask_ep0_2f.unity3d,scenario/ending_mask,.unity3d,238837
scenario/ending_mask/scenario_mask_ep0_3.unity3d,scenario/ending_mask,.unity3d,249850
scenario/ending_mask/scenario_mask_ep0_4.unity3d,scenario/ending_mask,.unity3d,262935
scenario/ending_mask/scenario_mask_ep0_5.unity3d,scenario/ending_mask,.unity3d,248154
scenario/ending_mask/scenario_mask_ep0_6.unity3d,scenario/ending_mask,.unity3d,202970
scenario/ending_mask/scenario_mask_ep0_6f.unity3d,scenario/ending_mask,.unity3d,202499
scenario/ending_mask/scenario_mask_ep0_7.unity3d,scenario/ending_mask,.unity3d,240553
scenario/ending_mask/scenario_mask_ep0_7f.unity3d,scenario/ending_mask,.unity3d,241023
scenario/ending_mask/scenario_mask_ep0_8.unity3d,scenario/ending_mask,.unity3d,168473
scenario/ending_mask/scenario_mask_ep0_9.unity3d,scenario/ending_mask,.unity3d,245683
scenario/ending_mask/scenario_mask_ep0_9f.unity3d,scenario/ending_mask,.unity3d,245558
scenario/scene/scene_alm-arena-da00101.unity3d,scenario/scene,.unity3d,632350
scenario/scene/scene_alm-mk-da00101.unity3d,scenario/scene,.unity3d,729611
scenario/scene/scene_alm-mk-ni00101.unity3d,scenario/scene,.unity3d,753919
scenario/scene/scene_alm-os-da00101.unity3d,scenario/scene,.unity3d,801052
scenario/scene/scene_alm-os-da00102.unity3d,scenario/scene,.unity3d,525771
scenario/scene/scene_alm-os-da00201.unity3d,scenario/scene,.unity3d,3313046
scenario/scene/scene_alm-os-da00202.unity3d,scenario/scene,.unity3d,2689233
scenario/scene/scene_alm-os-ni00201.unity3d,scenario/scene,.unity3d,3404248
scenario/scene/scene_alm-os-ni00202.unity3d,scenario/scene,.unity3d,2701859
scenario/scene/scene_alm-thea-da00101.unity3d,scenario/scene,.unity3d,861866
scenario/scene/scene_alm-thea-ni00101.unity3d,scenario/scene,.unity3d,909919
scenario/scene/scene_alm-thea-ni00102.unity3d,scenario/scene,.unity3d,965501
scenario/scene/scene_battle000_004.unity3d,scenario/scene,.unity3d,641909
scenario/scene/scene_battle000_012-spcl.unity3d,scenario/scene,.unity3d,1174071
scenario/scene/scene_battle000_012.unity3d,scenario/scene,.unity3d,1004906
scenario/scene/scene_battle000_019.unity3d,scenario/scene,.unity3d,480591
scenario/scene/scene_cave-spcl-co00101.unity3d,scenario/scene,.unity3d,547198
scenario/scene/scene_cave-spcl-da00101.unity3d,scenario/scene,.unity3d,559172
scenario/scene/scene_cave-spcl-ni00101.unity3d,scenario/scene,.unity3d,566595
scenario/scene/scene_cave-spcl-ni00201-lda.unity3d,scenario/scene,.unity3d,841362
scenario/scene/scene_city-ca-da01901.unity3d,scenario/scene,.unity3d,1134373
scenario/scene/scene_city-ca-da02001.unity3d,scenario/scene,.unity3d,608014
scenario/scene/scene_city-ca-da02301.unity3d,scenario/scene,.unity3d,890659
scenario/scene/scene_city-ca-ni02201.unity3d,scenario/scene,.unity3d,911194
scenario/scene/scene_city-cp-da00101.unity3d,scenario/scene,.unity3d,1439200
scenario/scene/scene_city-os-da00101-00.unity3d,scenario/scene,.unity3d,1843729
scenario/scene/scene_city-os-da00101-01.unity3d,scenario/scene,.unity3d,1872265
scenario/scene/scene_city-os-da00401.unity3d,scenario/scene,.unity3d,3235403
scenario/scene/scene_city-os-da00501.unity3d,scenario/scene,.unity3d,1776930
scenario/scene/scene_city-os-da00701.unity3d,scenario/scene,.unity3d,2016705
scenario/scene/scene_city-os-da00801.unity3d,scenario/scene,.unity3d,1342419
scenario/scene/scene_city-os-da00901.unity3d,scenario/scene,.unity3d,1085008
scenario/scene/scene_city-os-da01401.unity3d,scenario/scene,.unity3d,1251980
scenario/scene/scene_city-os-da01501.unity3d,scenario/scene,.unity3d,1838436
scenario/scene/scene_city-os-da01601.unity3d,scenario/scene,.unity3d,2056477
scenario/scene/scene_city-os-da01701.unity3d,scenario/scene,.unity3d,1496621
scenario/scene/scene_city-os-da01702.unity3d,scenario/scene,.unity3d,3467491
scenario/scene/scene_city-os-da01801.unity3d,scenario/scene,.unity3d,1557671
scenario/scene/scene_city-os-du00501.unity3d,scenario/scene,.unity3d,1787089
scenario/scene/scene_city-os-du00701.unity3d,scenario/scene,.unity3d,1511196
scenario/scene/scene_city-os-du01401.unity3d,scenario/scene,.unity3d,1233267
scenario/scene/scene_city-os-du01601.unity3d,scenario/scene,.unity3d,2067825
scenario/scene/scene_city-os-du01701.unity3d,scenario/scene,.unity3d,1534133
scenario/scene/scene_city-os-du01801.unity3d,scenario/scene,.unity3d,1595939
scenario/scene/scene_city-os-duco00105.unity3d,scenario/scene,.unity3d,2543832
scenario/scene/scene_city-os-duco00205.unity3d,scenario/scene,.unity3d,2162366
scenario/scene/scene_city-os-duco00305.unity3d,scenario/scene,.unity3d,1978118
scenario/scene/scene_city-os-ni00108.unity3d,scenario/scene,.unity3d,2389552
scenario/scene/scene_city-os-ni00208.unity3d,scenario/scene,.unity3d,2033548
scenario/scene/scene_city-os-ni01401.unity3d,scenario/scene,.unity3d,1301084
scenario/scene/scene_city-os-ni01601.unity3d,scenario/scene,.unity3d,2060973
scenario/scene/scene_city-os-niri00501.unity3d,scenario/scene,.unity3d,1771732
scenario/scene/scene_city-os-niri00801.unity3d,scenario/scene,.unity3d,368303
scenario/scene/scene_city-os-nisn00601.unity3d,scenario/scene,.unity3d,1236726
scenario/scene/scene_city-pit-da00201.unity3d,scenario/scene,.unity3d,1681186
scenario/scene/scene_city-spcl-da00101.unity3d,scenario/scene,.unity3d,600651
scenario/scene/scene_city-spcl-da00501.unity3d,scenario/scene,.unity3d,725095
scenario/scene/scene_city-spcl-da00601.unity3d,scenario/scene,.unity3d,1136484
scenario/scene/scene_city-spcl-da00801.unity3d,scenario/scene,.unity3d,1768152
scenario/scene/scene_city-spcl-da00901-00.unity3d,scenario/scene,.unity3d,1609274
scenario/scene/scene_city-spcl-da00901-01.unity3d,scenario/scene,.unity3d,1540396
scenario/scene/scene_city-spcl-da00901-02.unity3d,scenario/scene,.unity3d,2875868
scenario/scene/scene_city-spcl-dawn00401.unity3d,scenario/scene,.unity3d,1166439
scenario/scene/scene_city-spcl-du00301.unity3d,scenario/scene,.unity3d,1172009
scenario/scene/scene_city-spcl-ni00101.unity3d,scenario/scene,.unity3d,595500
scenario/scene/scene_city-spcl-ni00201.unity3d,scenario/scene,.unity3d,919758
scenario/scene/scene_city-spcl-ni00301.unity3d,scenario/scene,.unity3d,1176746
scenario/scene/scene_city-spcl-ni00401.unity3d,scenario/scene,.unity3d,1204283
scenario/scene/scene_city-spcl-ni00701.unity3d,scenario/scene,.unity3d,1904235
scenario/scene/scene_city-spcl-niri00301.unity3d,scenario/scene,.unity3d,1207703
scenario/scene/scene_city-spcl-nith00301.unity3d,scenario/scene,.unity3d,1186015
scenario/scene/scene_desert-os-da01101.unity3d,scenario/scene,.unity3d,1453359
scenario/scene/scene_desert-os-da01201.unity3d,scenario/scene,.unity3d,293388
scenario/scene/scene_desert-spcl-da00101.unity3d,scenario/scene,.unity3d,507182
scenario/scene/scene_desert-spcl-da00201.unity3d,scenario/scene,.unity3d,1773607
scenario/scene/scene_desert-spcl-ni00101.unity3d,scenario/scene,.unity3d,580782
scenario/scene/scene_desert-spcl-ni00201.unity3d,scenario/scene,.unity3d,1871670
scenario/scene/scene_dls_virtual-sky-da00101.unity3d,scenario/scene,.unity3d,1261214
scenario/scene/scene_dls_virtual-sky-da00201.unity3d,scenario/scene,.unity3d,1342915
scenario/scene/scene_dls_virtual-sky-da00201_cvr01.unity3d,scenario/scene,.unity3d,2107643
scenario/scene/scene_dls_virtual-sky-da00202.unity3d,scenario/scene,.unity3d,1569427
scenario/scene/scene_dls_virtual-sky-da00203.unity3d,scenario/scene,.unity3d,1566864
scenario/scene/scene_dls_virtual-sky-da00301.unity3d,scenario/scene,.unity3d,2037520
scenario/scene/scene_dls_virtual-sky-da00302.unity3d,scenario/scene,.unity3d,503534
scenario/scene/scene_home-bs-da00101.unity3d,scenario/scene,.unity3d,1379675
scenario/scene/scene_home-bs-du00101.unity3d,scenario/scene,.unity3d,1343826
scenario/scene/scene_home-bs-ni00101.unity3d,scenario/scene,.unity3d,1371976
scenario/scene/scene_home-ch-da00101.unity3d,scenario/scene,.unity3d,945871
scenario/scene/scene_home-ch-ni00101.unity3d,scenario/scene,.unity3d,952801
scenario/scene/scene_home-fh-da00101-snow-login.unity3d,scenario/scene,.unity3d,3537041
scenario/scene/scene_home-fh-da00201.unity3d,scenario/scene,.unity3d,1411105
scenario/scene/scene_home-fh-da00202.unity3d,scenario/scene,.unity3d,460386
scenario/scene/scene_home-fh-da00301.unity3d,scenario/scene,.unity3d,602602
scenario/scene/scene_home-fh-daco00201.unity3d,scenario/scene,.unity3d,1634379
scenario/scene/scene_home-fh-day00101-login.unity3d,scenario/scene,.unity3d,606015
scenario/scene/scene_home-fh-day00102-login.unity3d,scenario/scene,.unity3d,616012
scenario/scene/scene_home-fh-du00201.unity3d,scenario/scene,.unity3d,2342614
scenario/scene/scene_home-fh-ni00101-login.unity3d,scenario/scene,.unity3d,610728
scenario/scene/scene_home-fh-ni00101-snow-login.unity3d,scenario/scene,.unity3d,3789245
scenario/scene/scene_home-fh-ni00102-login.unity3d,scenario/scene,.unity3d,620793
scenario/scene/scene_home-fh-ni00201.unity3d,scenario/scene,.unity3d,1676601
scenario/scene/scene_home-fh-ni00301.unity3d,scenario/scene,.unity3d,687627
scenario/scene/scene_home-fh-nico00301.unity3d,scenario/scene,.unity3d,608910
scenario/scene/scene_home-fh-niri00201.unity3d,scenario/scene,.unity3d,1538500
scenario/scene/scene_home-hp-da00101.unity3d,scenario/scene,.unity3d,1225158
scenario/scene/scene_home-mg-da00101.unity3d,scenario/scene,.unity3d,1067046
scenario/scene/scene_home-mg-du00101.unity3d,scenario/scene,.unity3d,1009906
scenario/scene/scene_home-mg-ni00101.unity3d,scenario/scene,.unity3d,990645
scenario/scene/scene_home-mh-da00101.unity3d,scenario/scene,.unity3d,857256
scenario/scene/scene_home-mh-daco00101.unity3d,scenario/scene,.unity3d,909149
scenario/scene/scene_home-mh-du00101.unity3d,scenario/scene,.unity3d,849045
scenario/scene/scene_home-mh-ni00101.unity3d,scenario/scene,.unity3d,836775
scenario/scene/scene_home-mk-da00101.unity3d,scenario/scene,.unity3d,1533276
scenario/scene/scene_home-mk-du00101.unity3d,scenario/scene,.unity3d,1521061
scenario/scene/scene_home-mk-ni00101.unity3d,scenario/scene,.unity3d,1529046
scenario/scene/scene_home-os-da00101.unity3d,scenario/scene,.unity3d,2172465
scenario/scene/scene_home-os-da00201.unity3d,scenario/scene,.unity3d,2501645
scenario/scene/scene_home-os-da00301.unity3d,scenario/scene,.unity3d,2377691
scenario/scene/scene_home-os-du00101.unity3d,scenario/scene,.unity3d,2514380
scenario/scene/scene_home-os-du00201.unity3d,scenario/scene,.unity3d,2440399
scenario/scene/scene_home-os-du00301.unity3d,scenario/scene,.unity3d,2296717
scenario/scene/scene_home-os-ni00101.unity3d,scenario/scene,.unity3d,2131583
scenario/scene/scene_home-os-ni00201.unity3d,scenario/scene,.unity3d,2434068
scenario/scene/scene_home-os-ni00301.unity3d,scenario/scene,.unity3d,2327535
scenario/scene/scene_home-pb-da00101.unity3d,scenario/scene,.unity3d,963821
scenario/scene/scene_home-pb-da00102.unity3d,scenario/scene,.unity3d,942767
scenario/scene/scene_home-pb-ni00101.unity3d,scenario/scene,.unity3d,1000369
scenario/scene/scene_home-pb-ni00102.unity3d,scenario/scene,.unity3d,1023280
scenario/scene/scene_home-pb-ni00105.unity3d,scenario/scene,.unity3d,896478
scenario/scene/scene_home-pb-ni00109.unity3d,scenario/scene,.unity3d,1151679
scenario/scene/scene_home-th-co00101.unity3d,scenario/scene,.unity3d,600350
scenario/scene/scene_home-th-da00101.unity3d,scenario/scene,.unity3d,673204
scenario/scene/scene_innerstage.unity3d,scenario/scene,.unity3d,75560
scenario/scene/scene_innerstage_black.unity3d,scenario/scene,.unity3d,19178
scenario/scene/scene_interior-ca-da00101.unity3d,scenario/scene,.unity3d,854566
scenario/scene/scene_interior-ca-da00301.unity3d,scenario/scene,.unity3d,828751
scenario/scene/scene_interior-ca-da00401.unity3d,scenario/scene,.unity3d,814460
scenario/scene/scene_interior-ca-da00601.unity3d,scenario/scene,.unity3d,569847
scenario/scene/scene_interior-ca-da00701.unity3d,scenario/scene,.unity3d,766132
scenario/scene/scene_interior-ca-da00801.unity3d,scenario/scene,.unity3d,623968
scenario/scene/scene_interior-ca-da01301.unity3d,scenario/scene,.unity3d,993681
scenario/scene/scene_interior-ca-da01401.unity3d,scenario/scene,.unity3d,580382
scenario/scene/scene_interior-ca-du00301.unity3d,scenario/scene,.unity3d,827070
scenario/scene/scene_interior-ca-du00801.unity3d,scenario/scene,.unity3d,572844
scenario/scene/scene_interior-ca-du01401.unity3d,scenario/scene,.unity3d,608840
scenario/scene/scene_interior-ca-ni00101.unity3d,scenario/scene,.unity3d,838747
scenario/scene/scene_interior-ca-ni00301.unity3d,scenario/scene,.unity3d,784810
scenario/scene/scene_interior-ca-ni00401.unity3d,scenario/scene,.unity3d,780347
scenario/scene/scene_interior-ca-ni00501.unity3d,scenario/scene,.unity3d,539000
scenario/scene/scene_interior-ca-ni00801.unity3d,scenario/scene,.unity3d,594273
scenario/scene/scene_interior-ca-ni01401.unity3d,scenario/scene,.unity3d,606346
scenario/scene/scene_interior-cp-ni00101.unity3d,scenario/scene,.unity3d,330063
scenario/scene/scene_interior-dzt-da00101.unity3d,scenario/scene,.unity3d,857861
scenario/scene/scene_interior-in-da00101.unity3d,scenario/scene,.unity3d,480326
scenario/scene/scene_interior-in-da00201.unity3d,scenario/scene,.unity3d,453490
scenario/scene/scene_interior-in-da00501.unity3d,scenario/scene,.unity3d,957165
scenario/scene/scene_interior-in-ni00101.unity3d,scenario/scene,.unity3d,471586
scenario/scene/scene_interior-in-ni00201.unity3d,scenario/scene,.unity3d,452637
scenario/scene/scene_interior-in-ni01001.unity3d,scenario/scene,.unity3d,705841
scenario/scene/scene_interior-pa-da00201.unity3d,scenario/scene,.unity3d,1137224
scenario/scene/scene_interior-pa-da00601.unity3d,scenario/scene,.unity3d,810142
scenario/scene/scene_interior-pa-da01101.unity3d,scenario/scene,.unity3d,1659343
scenario/scene/scene_interior-pa-ni00101.unity3d,scenario/scene,.unity3d,995553
scenario/scene/scene_interior-pa-ni00201.unity3d,scenario/scene,.unity3d,1155631
scenario/scene/scene_interior-pa-ni00701.unity3d,scenario/scene,.unity3d,958349
scenario/scene/scene_interior-pa-ni01101.unity3d,scenario/scene,.unity3d,1721013
scenario/scene/scene_interior-spcl-da00101.unity3d,scenario/scene,.unity3d,171181
scenario/scene/scene_interior-spcl-da00701.unity3d,scenario/scene,.unity3d,600910
scenario/scene/scene_interior-spcl-da00801.unity3d,scenario/scene,.unity3d,679280
scenario/scene/scene_interior-spcl-ni00201.unity3d,scenario/scene,.unity3d,281854
scenario/scene/scene_interior-spcl-ni00203.unity3d,scenario/scene,.unity3d,383386
scenario/scene/scene_interior-spcl-ni00301.unity3d,scenario/scene,.unity3d,901872
scenario/scene/scene_interior-spcl-ni00401.unity3d,scenario/scene,.unity3d,498283
scenario/scene/scene_interior-spcl-ni00501.unity3d,scenario/scene,.unity3d,205324
scenario/scene/scene_interior-spcl-ni00601.unity3d,scenario/scene,.unity3d,1414481
scenario/scene/scene_interior-spcl-ni00602.unity3d,scenario/scene,.unity3d,1689459
scenario/scene/scene_interior-spcl-ni00701.unity3d,scenario/scene,.unity3d,604433
scenario/scene/scene_interior-spcl-ni00801.unity3d,scenario/scene,.unity3d,678798
scenario/scene/scene_interior-ug-ni00101.unity3d,scenario/scene,.unity3d,1211929
scenario/scene/scene_interior-ug-ni00301.unity3d,scenario/scene,.unity3d,1492671
scenario/scene/scene_interior-ug-ni00401.unity3d,scenario/scene,.unity3d,433499
scenario/scene/scene_interior-ug-ni01401.unity3d,scenario/scene,.unity3d,492361
scenario/scene/scene_interior-ug-ni01501.unity3d,scenario/scene,.unity3d,2346160
scenario/scene/scene_lda-cave-da00101.unity3d,scenario/scene,.unity3d,1128246
scenario/scene/scene_lda-cave-ni00101.unity3d,scenario/scene,.unity3d,1129961
scenario/scene/scene_ldw-cp-da00101.unity3d,scenario/scene,.unity3d,713136
scenario/scene/scene_ldw-cp-dawn00101.unity3d,scenario/scene,.unity3d,691873
scenario/scene/scene_ldw-cp-du00101.unity3d,scenario/scene,.unity3d,722474
scenario/scene/scene_ldw-cp-ni00101.unity3d,scenario/scene,.unity3d,704781
scenario/scene/scene_ldw-cp-ni00201.unity3d,scenario/scene,.unity3d,687910
scenario/scene/scene_ldw-os-du00101.unity3d,scenario/scene,.unity3d,1219184
scenario/scene/scene_ldw-os-ni00101.unity3d,scenario/scene,.unity3d,1223741
scenario/scene/scene_lxy-cp-da00201.unity3d,scenario/scene,.unity3d,1755637
scenario/scene/scene_lxy-cp-da00501.unity3d,scenario/scene,.unity3d,1245714
scenario/scene/scene_lxy-cp-da00601.unity3d,scenario/scene,.unity3d,1036695
scenario/scene/scene_lxy-cp-dawn00101.unity3d,scenario/scene,.unity3d,790348
scenario/scene/scene_lxy-cp-du00202.unity3d,scenario/scene,.unity3d,1866666
scenario/scene/scene_lxy-cp-ni00101.unity3d,scenario/scene,.unity3d,807513
scenario/scene/scene_lxy-cp-ni00301.unity3d,scenario/scene,.unity3d,1221526
scenario/scene/scene_lxy-cp-ni00401.unity3d,scenario/scene,.unity3d,1074245
scenario/scene/scene_lxy-cp-ni00501.unity3d,scenario/scene,.unity3d,1229160
scenario/scene/scene_lxy-cp-ni00601.unity3d,scenario/scene,.unity3d,1010060
scenario/scene/scene_lxy-os-da00101-00.unity3d,scenario/scene,.unity3d,2338432
scenario/scene/scene_lxy-os-da00101.unity3d,scenario/scene,.unity3d,2332189
scenario/scene/scene_lxy-os-da00201-00.unity3d,scenario/scene,.unity3d,250753
scenario/scene/scene_lxy-os-da00201.unity3d,scenario/scene,.unity3d,267928
scenario/scene/scene_lxy-os-da00301.unity3d,scenario/scene,.unity3d,611505
scenario/scene/scene_lxy-os-ni00201-00.unity3d,scenario/scene,.unity3d,257960
scenario/scene/scene_lxy-os-ni00401.unity3d,scenario/scene,.unity3d,525659
scenario/scene/scene_lyc-arena-da00101.unity3d,scenario/scene,.unity3d,932817
scenario/scene/scene_lyc-dm-da00101.unity3d,scenario/scene,.unity3d,1050317
scenario/scene/scene_lyc-dm-du00101.unity3d,scenario/scene,.unity3d,1035725
scenario/scene/scene_lyc-dm-ni00101.unity3d,scenario/scene,.unity3d,1031512
scenario/scene/scene_lyc-dm-nico00101.unity3d,scenario/scene,.unity3d,950892
scenario/scene/scene_lyc-dm-niri00101.unity3d,scenario/scene,.unity3d,957218
scenario/scene/scene_lyc-mh-da00101.unity3d,scenario/scene,.unity3d,1090661
scenario/scene/scene_lyc-mh-du00101.unity3d,scenario/scene,.unity3d,1124889
scenario/scene/scene_lyc-mh-ni00101.unity3d,scenario/scene,.unity3d,1110369
scenario/scene/scene_lyc-mh-niri00101.unity3d,scenario/scene,.unity3d,1117362
scenario/scene/scene_lyc-os-da00101-login.unity3d,scenario/scene,.unity3d,3361460
scenario/scene/scene_lyc-os-da00101.unity3d,scenario/scene,.unity3d,3162733
scenario/scene/scene_lyc-os-du00101.unity3d,scenario/scene,.unity3d,3242326
scenario/scene/scene_lyc-os-ni00101-login.unity3d,scenario/scene,.unity3d,3391461
scenario/scene/scene_lyc-os-ni00101.unity3d,scenario/scene,.unity3d,3219349
scenario/scene/scene_lyc-os-nico00101.unity3d,scenario/scene,.unity3d,3190699
scenario/scene/scene_lyc-pb-da00101.unity3d,scenario/scene,.unity3d,1917951
scenario/scene/scene_lyc-pb-ni00101.unity3d,scenario/scene,.unity3d,1889524
scenario/scene/scene_marsh-os-da00101.unity3d,scenario/scene,.unity3d,1029378
scenario/scene/scene_marsh-os-da00201.unity3d,scenario/scene,.unity3d,769848
scenario/scene/scene_marsh-os-da00401.unity3d,scenario/scene,.unity3d,920449
scenario/scene/scene_marsh-os-ni00101.unity3d,scenario/scene,.unity3d,1017414
scenario/scene/scene_marsh-os-ni00301.unity3d,scenario/scene,.unity3d,761003
scenario/scene/scene_marsh-os-ni00501.unity3d,scenario/scene,.unity3d,1021401
scenario/scene/scene_marsh-os-nico00501.unity3d,scenario/scene,.unity3d,1003549
scenario/scene/scene_marsh-spcl-da00101.unity3d,scenario/scene,.unity3d,815583
scenario/scene/scene_marsh-spcl-ni00101.unity3d,scenario/scene,.unity3d,809418
scenario/scene/scene_mountain-os-da00801.unity3d,scenario/scene,.unity3d,817067
scenario/scene/scene_mountain-os-ni00801.unity3d,scenario/scene,.unity3d,766846
scenario/scene/scene_mountain-spcl-da00101.unity3d,scenario/scene,.unity3d,191591
scenario/scene/scene_mountain-spcl-da00401-00.unity3d,scenario/scene,.unity3d,250251
scenario/scene/scene_mountain-spcl-du00301.unity3d,scenario/scene,.unity3d,809257
scenario/scene/scene_mountain-spcl-ni00301.unity3d,scenario/scene,.unity3d,792150
scenario/scene/scene_plain-cp-da00601.unity3d,scenario/scene,.unity3d,944173
scenario/scene/scene_plain-cp-da00901.unity3d,scenario/scene,.unity3d,1190687
scenario/scene/scene_plain-cp-du00901.unity3d,scenario/scene,.unity3d,1184859
scenario/scene/scene_plain-cp-ni00401.unity3d,scenario/scene,.unity3d,862078
scenario/scene/scene_plain-os-da00101.unity3d,scenario/scene,.unity3d,447492
scenario/scene/scene_plain-os-ni00501.unity3d,scenario/scene,.unity3d,442521
scenario/scene/scene_plain-spcl-da00301.unity3d,scenario/scene,.unity3d,589579
scenario/scene/scene_plain-spcl-da00501.unity3d,scenario/scene,.unity3d,783383
scenario/scene/scene_plain-spcl-du00301.unity3d,scenario/scene,.unity3d,605499
scenario/scene/scene_plain-spcl-ni00601.unity3d,scenario/scene,.unity3d,1524299
scenario/scene/scene_plain-spcl-nith00101.unity3d,scenario/scene,.unity3d,715291
scenario/scene/scene_swn-cp-da00101.unity3d,scenario/scene,.unity3d,461933
scenario/scene/scene_swn-cp-da00201.unity3d,scenario/scene,.unity3d,470847
scenario/scene/scene_swn-cp-da00401-000.unity3d,scenario/scene,.unity3d,601636
scenario/scene/scene_swn-cp-da00501.unity3d,scenario/scene,.unity3d,828906
scenario/scene/scene_swn-cp-daco00201.unity3d,scenario/scene,.unity3d,484809
scenario/scene/scene_swn-cp-du00501.unity3d,scenario/scene,.unity3d,859677
scenario/scene/scene_swn-cp-ni00101.unity3d,scenario/scene,.unity3d,517391
scenario/scene/scene_swn-cp-ni00201.unity3d,scenario/scene,.unity3d,446051
scenario/scene/scene_swn-cp-ni00301.unity3d,scenario/scene,.unity3d,730921
scenario/scene/scene_swn-cp-ni00401-000.unity3d,scenario/scene,.unity3d,601545
scenario/scene/scene_swn-cp-ni00401-001.unity3d,scenario/scene,.unity3d,758989
scenario/scene/scene_swn-cp-ni00501.unity3d,scenario/scene,.unity3d,857614
scenario/scene/scene_swn-cp-nico00201.unity3d,scenario/scene,.unity3d,463809
scenario/scene/scene_swn-cp-nico00301.unity3d,scenario/scene,.unity3d,708040
scenario/scene/scene_swn-spcl-ni00101.unity3d,scenario/scene,.unity3d,639022
scenario/scene/scene_s_city-ca-du00101.unity3d,scenario/scene,.unity3d,3550311
scenario/scene/scene_s_city-ca-du00201.unity3d,scenario/scene,.unity3d,805834
scenario/scene/scene_virtual-sky-da00101.unity3d,scenario/scene,.unity3d,1239345
minisandbox/map/capital_alm-arena-da00101.unity3d,minisandbox/map,.unity3d,652022
minisandbox/map/capital_alm-mk-da00101.unity3d,minisandbox/map,.unity3d,761502
minisandbox/map/capital_alm-mk-ni00101.unity3d,minisandbox/map,.unity3d,773589
minisandbox/map/capital_alm-os-da00101.unity3d,minisandbox/map,.unity3d,806899
minisandbox/map/capital_alm-os-da00201.unity3d,minisandbox/map,.unity3d,3427946
minisandbox/map/capital_alm-os-ni00201.unity3d,minisandbox/map,.unity3d,3445164
minisandbox/map/capital_alm-thea-da00101.unity3d,minisandbox/map,.unity3d,893588
minisandbox/map/capital_alm-thea-ni00101-000.unity3d,minisandbox/map,.unity3d,994553
minisandbox/map/capital_alm-thea-ni00101.unity3d,minisandbox/map,.unity3d,943221
minisandbox/map/capital_alm-thea-ni00102.unity3d,minisandbox/map,.unity3d,994543
minisandbox/map/capital_common-00101.unity3d,minisandbox/map,.unity3d,63967
minisandbox/map/capital_home-mh-da00101.unity3d,minisandbox/map,.unity3d,912185
minisandbox/map/capital_home-os-da00101.unity3d,minisandbox/map,.unity3d,2376779
minisandbox/map/capital_home-pb-ni00101.unity3d,minisandbox/map,.unity3d,1031479
minisandbox/map/capital_lda-cave-da00101.unity3d,minisandbox/map,.unity3d,1155142
minisandbox/map/capital_lda-cave-ni00101-spcl00.unity3d,minisandbox/map,.unity3d,1121457
minisandbox/map/capital_lda-cave-ni00101.unity3d,minisandbox/map,.unity3d,1145911
minisandbox/map/capital_ldw-cp-da00101.unity3d,minisandbox/map,.unity3d,728078
minisandbox/map/capital_ldw-cp-dawn00101.unity3d,minisandbox/map,.unity3d,706894
minisandbox/map/capital_ldw-cp-du00101.unity3d,minisandbox/map,.unity3d,738414
minisandbox/map/capital_ldw-cp-ni00101.unity3d,minisandbox/map,.unity3d,722702
minisandbox/map/capital_ldw-os-du00101.unity3d,minisandbox/map,.unity3d,1246782
minisandbox/map/capital_ldw-os-ni00101.unity3d,minisandbox/map,.unity3d,1262116
minisandbox/map/capital_lxy-cp-da00201.unity3d,minisandbox/map,.unity3d,1781510
minisandbox/map/capital_lxy-cp-da00501.unity3d,minisandbox/map,.unity3d,1224561
minisandbox/map/capital_lxy-cp-da00601.unity3d,minisandbox/map,.unity3d,1045116
minisandbox/map/capital_lxy-cp-dawn00101.unity3d,minisandbox/map,.unity3d,859482
minisandbox/map/capital_lxy-cp-du00202.unity3d,minisandbox/map,.unity3d,1922786
minisandbox/map/capital_lxy-cp-ni00101.unity3d,minisandbox/map,.unity3d,835219
minisandbox/map/capital_lxy-cp-ni00301.unity3d,minisandbox/map,.unity3d,1224815
minisandbox/map/capital_lxy-cp-ni00401.unity3d,minisandbox/map,.unity3d,1105063
minisandbox/map/capital_lxy-cp-ni00501.unity3d,minisandbox/map,.unity3d,1197190
minisandbox/map/capital_lxy-cp-ni00601.unity3d,minisandbox/map,.unity3d,1026769
minisandbox/map/capital_lxy-os-da00101-00.unity3d,minisandbox/map,.unity3d,2372110
minisandbox/map/capital_lxy-os-da00101.unity3d,minisandbox/map,.unity3d,2340104
minisandbox/map/capital_lxy-os-da00201-00.unity3d,minisandbox/map,.unity3d,258616
minisandbox/map/capital_lxy-os-da00201.unity3d,minisandbox/map,.unity3d,274670
minisandbox/map/capital_lxy-os-da00301.unity3d,minisandbox/map,.unity3d,628767
minisandbox/map/capital_lxy-os-ni00201-00.unity3d,minisandbox/map,.unity3d,263477
minisandbox/map/capital_lxy-os-ni00401.unity3d,minisandbox/map,.unity3d,548962
minisandbox/map/capital_swn-cp-da00101.unity3d,minisandbox/map,.unity3d,698243
minisandbox/map/capital_swn-cp-da00201.unity3d,minisandbox/map,.unity3d,507824
minisandbox/map/capital_swn-cp-da00401-000.unity3d,minisandbox/map,.unity3d,670048
minisandbox/map/capital_swn-cp-da00401-001.unity3d,minisandbox/map,.unity3d,1709706
minisandbox/map/capital_swn-cp-da00501.unity3d,minisandbox/map,.unity3d,858575
minisandbox/map/capital_swn-cp-daco00101.unity3d,minisandbox/map,.unity3d,629240
minisandbox/map/capital_swn-cp-daco00201.unity3d,minisandbox/map,.unity3d,486609
minisandbox/map/capital_swn-cp-daco00301.unity3d,minisandbox/map,.unity3d,1520893
minisandbox/map/capital_swn-cp-du00501.unity3d,minisandbox/map,.unity3d,869804
minisandbox/map/capital_swn-cp-ni00101.unity3d,minisandbox/map,.unity3d,544058
minisandbox/map/capital_swn-cp-ni00201.unity3d,minisandbox/map,.unity3d,494949
minisandbox/map/capital_swn-cp-ni00301.unity3d,minisandbox/map,.unity3d,734821
minisandbox/map/capital_swn-cp-ni00401-000.unity3d,minisandbox/map,.unity3d,655678
minisandbox/map/capital_swn-cp-ni00401-001.unity3d,minisandbox/map,.unity3d,873450
minisandbox/map/capital_swn-cp-ni00501.unity3d,minisandbox/map,.unity3d,902109
minisandbox/map/capital_swn-cp-nico00101.unity3d,minisandbox/map,.unity3d,578454
minisandbox/map/capital_swn-cp-nico00201.unity3d,minisandbox/map,.unity3d,500446
minisandbox/map/capital_swn-cp-nico00301.unity3d,minisandbox/map,.unity3d,722355
minisandbox/map/capital_swn-cp-nico00401-000.unity3d,minisandbox/map,.unity3d,1466213
minisandbox/map/capital_swn-cp-niri00101.unity3d,minisandbox/map,.unity3d,477436
minisandbox/map/capital_swn-spcl-ni00101.unity3d,minisandbox/map,.unity3d,654480
minisandbox/map/capital_virtual-sky-da00101.unity3d,minisandbox/map,.unity3d,1419971
localization/en/activitybigstage1.unity3d,localization/en,.unity3d,77103
localization/en/activitybigstage2.unity3d,localization/en,.unity3d,201000
localization/ja/activitybigstage1.unity3d,localization/ja,.unity3d,66424
localization/ja/activitybigstage2.unity3d,localization/ja,.unity3d,205840
localization/ko/activitybigstage1.unity3d,localization/ko,.unity3d,60193
localization/ko/activitybigstage2.unity3d,localization/ko,.unity3d,208497
localization/ko/atlas/ko-activitybigstage1_atlas.unity3d,localization/ko/atlas,.unity3d,64149
localization/ko/atlas/ko-selectstage_atlas.unity3d,localization/ko/atlas,.unity3d,120082
localization/ja/atlas/ja-activitybigstage1_atlas.unity3d,localization/ja/atlas,.unity3d,57380
localization/ja/atlas/ja-selectstage_atlas.unity3d,localization/ja/atlas,.unity3d,153386
localization/en/atlas/en-activitybigstage1_atlas.unity3d,localization/en/atlas,.unity3d,52742
localization/en/atlas/en-selectstage_atlas.unity3d,localization/en/atlas,.unity3d,144266
infinitechallenge/map/challengestage_001.unity3d,infinitechallenge/map,.unity3d,931651
infinitechallenge/map/challengestage_002.unity3d,infinitechallenge/map,.unity3d,1011492
infinitechallenge/map/challengestage_003.unity3d,infinitechallenge/map,.unity3d,929812
infinitechallenge/map/challengestage_004.unity3d,infinitechallenge/map,.unity3d,933770
infinitechallenge/map/challengestage_005.unity3d,infinitechallenge/map,.unity3d,935150
infinitechallenge/map/challengestage_006.unity3d,infinitechallenge/map,.unity3d,935537
infinitechallenge/map/challengestage_alm_01.unity3d,infinitechallenge/map,.unity3d,1923918
infinitechallenge/map/challengestage_alm_02.unity3d,infinitechallenge/map,.unity3d,1929384
infinitechallenge/map/challengestage_alm_03.unity3d,infinitechallenge/map,.unity3d,1933886
infinitechallenge/map/challengestage_bak.unity3d,infinitechallenge/map,.unity3d,1007212
icon/activitybig03/activitybig03_button_scenario.unity3d,icon/activitybig03,.unity3d,45983
icon/activitybigluccia/activityluccia_selectstage_bg.unity3d,icon/activitybigluccia,.unity3d,1245367
icon/activitybigstage1/activitybigstage1_challenge_bg.unity3d,icon/activitybigstage1,.unity3d,582299
icon/activitybigstage1/activitybigstage1_collect_back_big01.unity3d,icon/activitybigstage1,.unity3d,2142875
icon/activitybigstage1/activitybigstage1_collect_bg.unity3d,icon/activitybigstage1,.unity3d,1763742
icon/activitybigstage1/activitybigstage1_collect_floor01.unity3d,icon/activitybigstage1,.unity3d,259229
icon/activitybigstage1/activitybigstage1_collect_floor02.unity3d,icon/activitybigstage1,.unity3d,396318
icon/activitybigstage1/activitybigstage1_collect_floor03.unity3d,icon/activitybigstage1,.unity3d,521966
icon/activitybigstage1/activitybigstage1_collect_floor04.unity3d,icon/activitybigstage1,.unity3d,612092
icon/activitybigstage1/activitybigstage1_collect_front_big01.unity3d,icon/activitybigstage1,.unity3d,1253423
icon/activitybigstage1/activitybigstage1_collect_front_big02.unity3d,icon/activitybigstage1,.unity3d,190644
icon/activitybigstage1/activitybigstage1_collect_front_big03.unity3d,icon/activitybigstage1,.unity3d,130978
icon/activitybigstage1/activitybigstage1_enterence_bg.unity3d,icon/activitybigstage1,.unity3d,322547
icon/activitybigstage1/activitystage1_collect_bar.unity3d,icon/activitybigstage1,.unity3d,11378
icon/activitybigstage1/activitystage1_cookmain_bg.unity3d,icon/activitybigstage1,.unity3d,1054656
icon/activitybigstage1/activitystage1_cookmain_bg02.unity3d,icon/activitybigstage1,.unity3d,1005906
icon/activitybigstage1/activitystage1_cookmain_title.unity3d,icon/activitybigstage1,.unity3d,45521
icon/activitybigstage1/activitystage1_cookmake_button_big.unity3d,icon/activitybigstage1,.unity3d,35925
icon/activitybigstage1/activitystage1_cookmake_title.unity3d,icon/activitybigstage1,.unity3d,22881
icon/activitybigstage1/activitystage1_homepage_button_big.unity3d,icon/activitybigstage1,.unity3d,62343
icon/activitybigstage1/activitystage1_homepage_button_big01.unity3d,icon/activitybigstage1,.unity3d,31094
icon/activitybigstage1/activitystage1_sandbox_bar.unity3d,icon/activitybigstage1,.unity3d,22123
icon/activitybigstage1/activity_shopbg_bigstage1.unity3d,icon/activitybigstage1,.unity3d,409764
icon/activitybigstage1/icon_activitybigstage11.unity3d,icon/activitybigstage1,.unity3d,11157625
icon/activitybigstage1/icon_buttoncookbook.unity3d,icon/activitybigstage1,.unity3d,119198
icon/activitybigstage1/icon_buttoncooking.unity3d,icon/activitybigstage1,.unity3d,140279
icon/activitybigstage1/logo_bigstage1_01.unity3d,icon/activitybigstage1,.unity3d,13329
icon/activitybigstage1/logo_bigstage1_02.unity3d,icon/activitybigstage1,.unity3d,15683
icon/activitybigstage1/title_bigstage1.unity3d,icon/activitybigstage1,.unity3d,35412
icon/activitybigstage2/activitybigstage2_collection_figure.unity3d,icon/activitybigstage2,.unity3d,28772
icon/activitybigstage2/activitybigstage2_collection_figure2.unity3d,icon/activitybigstage2,.unity3d,23687
icon/activitybigstage2/activitybigstage2_enterencebg.unity3d,icon/activitybigstage2,.unity3d,328402
icon/activitybigstage2/activitybigstage2_questbutton.unity3d,icon/activitybigstage2,.unity3d,6531
icon/activitybigstage2/activitybigstage2_sandboxbar2.unity3d,icon/activitybigstage2,.unity3d,3215
icon/activitybigstage2/activitybigstage2_shopbg.unity3d,icon/activitybigstage2,.unity3d,333204
icon/activitybigstage2/activitybigstage2_title01.unity3d,icon/activitybigstage2,.unity3d,43676
icon/activitybigstage2/activitybigstage2_title02_black.unity3d,icon/activitybigstage2,.unity3d,16532
icon/activitybigstage2/activitybigstage2_title02_white.unity3d,icon/activitybigstage2,.unity3d,17342
icon/activitybigstage2/activitybigstage2_title03.unity3d,icon/activitybigstage2,.unity3d,32450
icon/activitybigstage2/battlepass_bigstage2_icon.unity3d,icon/activitybigstage2,.unity3d,26109
icon/activitybigstage2/bigstage2_album_item_brown.unity3d,icon/activitybigstage2,.unity3d,53629
icon/activitybigstage2/bigstage2_album_item_green.unity3d,icon/activitybigstage2,.unity3d,56149
icon/activitybigstage2/bigstage2_album_item_grey.unity3d,icon/activitybigstage2,.unity3d,36483
icon/activitybigstage2/bigstage2_album_item_purple.unity3d,icon/activitybigstage2,.unity3d,53792
icon/activitybigstage2/bigstage2_challenge_bg.unity3d,icon/activitybigstage2,.unity3d,279684
icon/activitybigstage2/bigstage2_challenge_role.unity3d,icon/activitybigstage2,.unity3d,256138
icon/activitybigstage2/bigstage2_collectview_bg.unity3d,icon/activitybigstage2,.unity3d,1789740
icon/activitybigstage2/bigstage2_gift_rewardbar.unity3d,icon/activitybigstage2,.unity3d,20473
icon/activitybigstage2/bigstage2_homepage_bg.unity3d,icon/activitybigstage2,.unity3d,1669840
icon/activitybigstage2/bigstage2_homepage_mask.unity3d,icon/activitybigstage2,.unity3d,589989
icon/activitybigstage2/bigstage2_shop_itembg.unity3d,icon/activitybigstage2,.unity3d,52646
icon/activitybigstage2/mask_circle_stage2.unity3d,icon/activitybigstage2,.unity3d,40179
icon/activitybigstage2/operationactivity_bigstage2_checkin_role01.unity3d,icon/activitybigstage2,.unity3d,81501
icon/activitybigstage2/operationactivity_bigstage2_checkin_role02.unity3d,icon/activitybigstage2,.unity3d,75319
icon/activitybigstage2/operationactivity_bigstage2_checkin_role03.unity3d,icon/activitybigstage2,.unity3d,319792
icon/activitybigstage2/stage2_tipsinfo_text.unity3d,icon/activitybigstage2,.unity3d,6042
icon/activitybigstage2/title_activitybigstage2.unity3d,icon/activitybigstage2,.unity3d,48366
icon/activitybigstage2/title_shopskinstage2role_g.unity3d,icon/activitybigstage2,.unity3d,39408
icon/activityworldboss/activityworldboss_stage2_enterence_bg.unity3d,icon/activityworldboss,.unity3d,227240
icon/activityworldboss/activityworldboss_stage2_recordbg.unity3d,icon/activityworldboss,.unity3d,535063
icon/activityworldboss/activityworldboss_stage2_sharebg.unity3d,icon/activityworldboss,.unity3d,119822
icon/activityworldboss/activityworldboss_stage2_shop_bg.unity3d,icon/activityworldboss,.unity3d,372070
icon/activityworldboss/activityworldboss_stage2_stagebg.unity3d,icon/activityworldboss,.unity3d,1411649
icon/activityworldboss/activityworldboss_stagebg.unity3d,icon/activityworldboss,.unity3d,475433
icon/bg/ewcommerce_worldmap_bg.unity3d,icon/bg,.unity3d,1172364
icon/bg/operationactivity_bigstage1_bg.unity3d,icon/bg,.unity3d,619334
icon/bg/operationactivity_bigstage1_checkin_bg.unity3d,icon/bg,.unity3d,92018
icon/bg/operationactivity_bigstage1_checkin_role.unity3d,icon/bg,.unity3d,107593
icon/bg/operationactivity_bigstage1_gacha_bg.unity3d,icon/bg,.unity3d,480471
icon/bg/operationactivity_bigstage1_gacha_role.unity3d,icon/bg,.unity3d,59474
icon/bg/operationactivity_bigstage1_guidance_bg.unity3d,icon/bg,.unity3d,534245
icon/bg/operationactivity_bigstage1_guidance_role.unity3d,icon/bg,.unity3d,317750
icon/bg/operationactivity_bigstage2_bg.unity3d,icon/bg,.unity3d,435429
icon/bg/operationactivity_bigstage2_checkin_bg.unity3d,icon/bg,.unity3d,570669
icon/bg/operationactivity_bigstage2_gift_bg.unity3d,icon/bg,.unity3d,565606
icon/bg/operationactivity_jigsawstage2_bg.unity3d,icon/bg,.unity3d,588475
icon/bg/operationactivity_littleadventurestage2_bg.unity3d,icon/bg,.unity3d,552568
icon/bg/operationactivity_optionalweaponstage2_bg.unity3d,icon/bg,.unity3d,552717
icon/bg/operationactivity_schedulestage2_bg.unity3d,icon/bg,.unity3d,1493185
icon/bg/operationactivity_schedulestage2_bgblur.unity3d,icon/bg,.unity3d,418782
icon/bg/operationactivity_schedulestage2_grass.unity3d,icon/bg,.unity3d,702098
icon/bg/operationactivity_schedulestage2_role.unity3d,icon/bg,.unity3d,1909107
icon/bg/operationactivity_shopskinstage2roleg_bg.unity3d,icon/bg,.unity3d,629193
icon/bg/operationactivity_shopskinstage2rolet_bg.unity3d,icon/bg,.unity3d,635988
icon/bg/operationactivity_skin_stage2role_y_bg.unity3d,icon/bg,.unity3d,530935
icon/bg/operationactivity_stage2gacha_bg.unity3d,icon/bg,.unity3d,553420
icon/bg/operationactivity_worldbossstage2_bar.unity3d,icon/bg,.unity3d,9101
icon/bg/operationactivity_worldbossstage2_bg.unity3d,icon/bg,.unity3d,632510
icon/bg/scene_entrust.unity3d,icon/bg,.unity3d,287600
icon/bg/scene_hospital.unity3d,icon/bg,.unity3d,310706
icon/bg/scene_training.unity3d,icon/bg,.unity3d,307491
icon/bg/schedulestage2unlock_bg01.unity3d,icon/bg,.unity3d,397658
icon/bg/schedulestage2unlock_bg02.unity3d,icon/bg,.unity3d,53128
icon/bg/share_jigsawstage2_bg.unity3d,icon/bg,.unity3d,529587
icon/bg/stage03.unity3d,icon/bg,.unity3d,1064179
icon/faction_map/icon_faction_map1.unity3d,icon/faction_map,.unity3d,21384
icon/map/icon_map1.unity3d,icon/map,.unity3d,9913746
icon/map/icon_map10.unity3d,icon/map,.unity3d,30127
icon/map/icon_map2.unity3d,icon/map,.unity3d,9989028
icon/map/icon_map3.unity3d,icon/map,.unity3d,2212539
icon/map/icon_map4.unity3d,icon/map,.unity3d,296165
icon/map/icon_map5.unity3d,icon/map,.unity3d,178301
icon/map/icon_map6.unity3d,icon/map,.unity3d,18571
icon/map/icon_map7.unity3d,icon/map,.unity3d,48606
icon/map/icon_map8.unity3d,icon/map,.unity3d,3132357
icon/map/icon_map9.unity3d,icon/map,.unity3d,128347
icon/map02/ditu02_cloud_01.unity3d,icon/map02,.unity3d,12133
icon/map02/ditu02_cloud_02.unity3d,icon/map02,.unity3d,130302
icon/map02/ditu02_cloud_03.unity3d,icon/map02,.unity3d,451057
icon/map02/ditu02_cloud_04.unity3d,icon/map02,.unity3d,111101
icon/map02/ditusmall.unity3d,icon/map02,.unity3d,1617974
icon/map02/ditu_01.unity3d,icon/map02,.unity3d,940210
icon/map02/ditu_02.unity3d,icon/map02,.unity3d,910312
icon/map02/ditu_03.unity3d,icon/map02,.unity3d,1014430
icon/map02/ditu_04.unity3d,icon/map02,.unity3d,1025066
icon/map02/ditu_05.unity3d,icon/map02,.unity3d,1046511
icon/map02/ditu_06.unity3d,icon/map02,.unity3d,1033726
icon/map02/ditu_07.unity3d,icon/map02,.unity3d,1028548
icon/map02/ditu_08.unity3d,icon/map02,.unity3d,1023003
icon/map02/ditu_09.unity3d,icon/map02,.unity3d,1037125
icon/map02/ditu_10.unity3d,icon/map02,.unity3d,1016473
icon/map02/ditu_11.unity3d,icon/map02,.unity3d,1027825
icon/map02/ditu_12.unity3d,icon/map02,.unity3d,1019701
icon/map02/ditu_13.unity3d,icon/map02,.unity3d,1004472
icon/map02/ditu_14.unity3d,icon/map02,.unity3d,1019788
icon/map02/ditu_15.unity3d,icon/map02,.unity3d,1024635
icon/map02/ditu_16.unity3d,icon/map02,.unity3d,1006501
icon/map02/ditu_17.unity3d,icon/map02,.unity3d,1014096
icon/map02/ditu_18.unity3d,icon/map02,.unity3d,972366
icon/map02/mask_01.unity3d,icon/map02,.unity3d,3282
icon/map02/mask_02.unity3d,icon/map02,.unity3d,11747
icon/map02/mask_03.unity3d,icon/map02,.unity3d,4230
icon/map02/mask_04.unity3d,icon/map02,.unity3d,11057
icon/map02/mask_05.unity3d,icon/map02,.unity3d,10529
icon/map02/mask_06.unity3d,icon/map02,.unity3d,9758
icon/map02/mask_07.unity3d,icon/map02,.unity3d,10552
icon/map02/mask_08.unity3d,icon/map02,.unity3d,2490
icon/map02/mask_09.unity3d,icon/map02,.unity3d,2220
icon/map02/mask_10.unity3d,icon/map02,.unity3d,2597
icon/missiondetail/icon_missiondetail1.unity3d,icon/missiondetail,.unity3d,970114
icon/missiondetail/icon_missiondetail2.unity3d,icon/missiondetail,.unity3d,984983
icon/missiondetail/icon_missiondetail3.unity3d,icon/missiondetail,.unity3d,789892
icon/missiondetail/icon_missiondetail4.unity3d,icon/missiondetail,.unity3d,909834
icon/missiondetail/icon_missiondetail5.unity3d,icon/missiondetail,.unity3d,607356
icon/missiondetail/title_abyss.unity3d,icon/missiondetail,.unity3d,57755
icon/missiondetail/title_battledetail_prequel01.unity3d,icon/missiondetail,.unity3d,53732
icon/missiondetail/title_battledetail_prequel02.unity3d,icon/missiondetail,.unity3d,47680
icon/missiondetail/title_big01_assistance.unity3d,icon/missiondetail,.unity3d,36431
icon/missiondetail/title_big01_freedom.unity3d,icon/missiondetail,.unity3d,35518
icon/missiondetail/title_big02_assistance.unity3d,icon/missiondetail,.unity3d,28606
icon/missiondetail/title_big02_freedom.unity3d,icon/missiondetail,.unity3d,29350
icon/missiondetail/title_big03_5assistance.unity3d,icon/missiondetail,.unity3d,52193
icon/missiondetail/title_big03_5freedom.unity3d,icon/missiondetail,.unity3d,51552
icon/missiondetail/title_big03_assistance.unity3d,icon/missiondetail,.unity3d,58087
icon/missiondetail/title_big03_freedom.unity3d,icon/missiondetail,.unity3d,53935
icon/missiondetail/title_big04_assistance.unity3d,icon/missiondetail,.unity3d,56334
icon/missiondetail/title_big04_attack.unity3d,icon/missiondetail,.unity3d,54524
icon/missiondetail/title_big04_normal.unity3d,icon/missiondetail,.unity3d,56542
icon/missiondetail/title_big05_assistance.unity3d,icon/missiondetail,.unity3d,42291
icon/missiondetail/title_big05_attack.unity3d,icon/missiondetail,.unity3d,57870
icon/missiondetail/title_big05_normal.unity3d,icon/missiondetail,.unity3d,56590
icon/missiondetail/title_big06_5_assistance.unity3d,icon/missiondetail,.unity3d,52933
icon/missiondetail/title_big06_5_freedom.unity3d,icon/missiondetail,.unity3d,62197
icon/missiondetail/title_big06_5_normal.unity3d,icon/missiondetail,.unity3d,61112
icon/missiondetail/title_big06_assistance.unity3d,icon/missiondetail,.unity3d,54450
icon/missiondetail/title_big06_attack.unity3d,icon/missiondetail,.unity3d,42047
icon/missiondetail/title_big06_mainquest.unity3d,icon/missiondetail,.unity3d,57502
icon/missiondetail/title_big06_normal.unity3d,icon/missiondetail,.unity3d,54907
icon/missiondetail/title_bigstage1_challenge.unity3d,icon/missiondetail,.unity3d,58702
icon/missiondetail/title_bigstage1_collect01.unity3d,icon/missiondetail,.unity3d,48834
icon/missiondetail/title_bigstage1_collect02.unity3d,icon/missiondetail,.unity3d,45657
icon/missiondetail/title_bigstage1_collect03.unity3d,icon/missiondetail,.unity3d,50420
icon/missiondetail/title_bigstage1_collect04.unity3d,icon/missiondetail,.unity3d,53808
icon/missiondetail/title_bigstage1_freedom.unity3d,icon/missiondetail,.unity3d,61602
icon/missiondetail/title_bigstage1_mainquest.unity3d,icon/missiondetail,.unity3d,64399
icon/missiondetail/title_bosschallenge.unity3d,icon/missiondetail,.unity3d,42068
icon/missiondetail/title_easy.unity3d,icon/missiondetail,.unity3d,36040
icon/missiondetail/title_expedition.unity3d,icon/missiondetail,.unity3d,131911
icon/missiondetail/title_experience.unity3d,icon/missiondetail,.unity3d,47468
icon/missiondetail/title_forging.unity3d,icon/missiondetail,.unity3d,50788
icon/missiondetail/title_guildpve.unity3d,icon/missiondetail,.unity3d,56011
icon/missiondetail/title_hard.unity3d,icon/missiondetail,.unity3d,48053
icon/missiondetail/title_limitedactivity00.unity3d,icon/missiondetail,.unity3d,35485
icon/missiondetail/title_limitedactivity01.unity3d,icon/missiondetail,.unity3d,35534
icon/missiondetail/title_limitedactivity02.unity3d,icon/missiondetail,.unity3d,23498
icon/missiondetail/title_middle01_challenge.unity3d,icon/missiondetail,.unity3d,63963
icon/missiondetail/title_middle02_assistance.unity3d,icon/missiondetail,.unity3d,29672
icon/missiondetail/title_middle02_freedom.unity3d,icon/missiondetail,.unity3d,30314
icon/missiondetail/title_middle02_normal.unity3d,icon/missiondetail,.unity3d,29791
icon/missiondetail/title_middle03_assistance.unity3d,icon/missiondetail,.unity3d,35173
icon/missiondetail/title_middle03_freedom.unity3d,icon/missiondetail,.unity3d,16313
icon/missiondetail/title_middle03_normal.unity3d,icon/missiondetail,.unity3d,18643
icon/missiondetail/title_middle04_assistance.unity3d,icon/missiondetail,.unity3d,54930
icon/missiondetail/title_middle04_challenge.unity3d,icon/missiondetail,.unity3d,51189
icon/missiondetail/title_middle04_freedom.unity3d,icon/missiondetail,.unity3d,56304
icon/missiondetail/title_middle04_normal.unity3d,icon/missiondetail,.unity3d,50298
icon/missiondetail/title_middle05_assistance.unity3d,icon/missiondetail,.unity3d,35965
icon/missiondetail/title_middle05_challenge.unity3d,icon/missiondetail,.unity3d,52131
icon/missiondetail/title_middle05_freedom.unity3d,icon/missiondetail,.unity3d,36234
icon/missiondetail/title_middle05_normal.unity3d,icon/missiondetail,.unity3d,37083
icon/missiondetail/title_middle05_vote.unity3d,icon/missiondetail,.unity3d,26677
icon/missiondetail/title_moduleafk.unity3d,icon/missiondetail,.unity3d,44530
icon/missiondetail/title_sandbox03_day.unity3d,icon/missiondetail,.unity3d,58735
icon/missiondetail/title_sandbox03_night.unity3d,icon/missiondetail,.unity3d,60135
icon/missiondetail/title_sandbox03_normal.unity3d,icon/missiondetail,.unity3d,58765
icon/missiondetail/title_tarot.unity3d,icon/missiondetail,.unity3d,44629
icon/missiondetail/title_technology.unity3d,icon/missiondetail,.unity3d,53929
icon/missiondetail/title_tower.unity3d,icon/missiondetail,.unity3d,51995
icon/missiondetail/title_unitpiece.unity3d,icon/missiondetail,.unity3d,44024
icon/missiondetail/title_unitrankmaterial.unity3d,icon/missiondetail,.unity3d,40318
icon/missiondetail/title_weapon.unity3d,icon/missiondetail,.unity3d,42202
icon/moduleafk/afk_stagepic01.unity3d,icon/moduleafk,.unity3d,424185
icon/moduleafk/afk_stagepic02.unity3d,icon/moduleafk,.unity3d,455142
icon/moduleafk/afk_stagepic03.unity3d,icon/moduleafk,.unity3d,469423
icon/moduleafk/afk_stagepic04.unity3d,icon/moduleafk,.unity3d,456305
icon/moduleafk/afk_stagepic05.unity3d,icon/moduleafk,.unity3d,449789
icon/modulebosschallange/bosschallange_stage01.unity3d,icon/modulebosschallange,.unity3d,86351
icon/modulebosschallange/bosschallange_stage02.unity3d,icon/modulebosschallange,.unity3d,95197
icon/modulebosschallange/bosschallange_stage03.unity3d,icon/modulebosschallange,.unity3d,98534
icon/modulebosschallange/bosschallange_stage04.unity3d,icon/modulebosschallange,.unity3d,98644
icon/modulebosschallange/bosschallange_stage05.unity3d,icon/modulebosschallange,.unity3d,97334
icon/modulebosschallange/bosschallange_stage06.unity3d,icon/modulebosschallange,.unity3d,93640
icon/modulebosschallange/bosschallange_stagepic01.unity3d,icon/modulebosschallange,.unity3d,473982
icon/modulebosschallange/bosschallange_stagepic02.unity3d,icon/modulebosschallange,.unity3d,477589
icon/modulebosschallange/bosschallange_stagepic03.unity3d,icon/modulebosschallange,.unity3d,470040
icon/modulebosschallange/bosschallange_stagepic04.unity3d,icon/modulebosschallange,.unity3d,476759
icon/modulebosschallange/bosschallange_stagepic05.unity3d,icon/modulebosschallange,.unity3d,477214
icon/modulebosschallange/bosschallange_stagepic06.unity3d,icon/modulebosschallange,.unity3d,469385
icon/operationactivity_append_skin_01/title_skingacha_stage2role_y.unity3d,icon/operationactivity_append_skin_01,.unity3d,31053
icon/sandboxelaman/activityelaman_selectstage_bg.unity3d,icon/sandboxelaman,.unity3d,1247609
icon/sandboxelaman/activityelaman_worldmap.unity3d,icon/sandboxelaman,.unity3d,1693974
icon/sandboxelaman/activityelaman_worldmap_cloud01.unity3d,icon/sandboxelaman,.unity3d,90338
icon/sandboxelaman/activityelaman_worldmap_cloud02.unity3d,icon/sandboxelaman,.unity3d,146785
icon/scenario_storybg/scenario_storybg_00.unity3d,icon/scenario_storybg,.unity3d,1820049
icon/stageprops/icon_stageprops1.unity3d,icon/stageprops,.unity3d,462811
icon/stageprops_face/icon_stageprops_face1.unity3d,icon/stageprops_face,.unity3d,4750
dreamlands/map/dls_virtual-sky-da00101.unity3d,dreamlands/map,.unity3d,1235950
dreamlands/map/dls_virtual-sky-da00101_cvr01.unity3d,dreamlands/map,.unity3d,1763226
dreamlands/map/dls_virtual-sky-da00101_spr01.unity3d,dreamlands/map,.unity3d,1337282
dreamlands/map/dls_virtual-sky-da00102.unity3d,dreamlands/map,.unity3d,912383
dreamlands/map/dls_virtual-sky-da00102_linkage02.unity3d,dreamlands/map,.unity3d,1150315
dreamlands/map/dls_virtual-sky-da00201.unity3d,dreamlands/map,.unity3d,2018158
dreamlands/map/dls_virtual-sky-da00201_cvr01.unity3d,dreamlands/map,.unity3d,2146740
dreamlands/map/dls_virtual-sky-da00201_spr01.unity3d,dreamlands/map,.unity3d,2050728
dreamlands/prefab/dreamlands_prefab1.unity3d,dreamlands/prefab,.unity3d,1347524
dreamlands/prefab/building/dls_virtual_area01_default.unity3d,dreamlands/prefab/building,.unity3d,10692
dreamlands/prefab/building/dls_virtual_area01_model01.unity3d,dreamlands/prefab/building,.unity3d,10632
dreamlands/prefab/building/dls_virtual_area01_model02.unity3d,dreamlands/prefab/building,.unity3d,10637
dreamlands/prefab/building/dls_virtual_area01_model03.unity3d,dreamlands/prefab/building,.unity3d,10623
dreamlands/prefab/building/dls_virtual_area02_default.unity3d,dreamlands/prefab/building,.unity3d,10709
dreamlands/prefab/building/dls_virtual_area02_model01.unity3d,dreamlands/prefab/building,.unity3d,10615
dreamlands/prefab/building/dls_virtual_area02_model02.unity3d,dreamlands/prefab/building,.unity3d,10698
dreamlands/prefab/building/dls_virtual_area02_model03.unity3d,dreamlands/prefab/building,.unity3d,10642
dreamlands/prefab/building/dls_virtual_area03_default.unity3d,dreamlands/prefab/building,.unity3d,10665
dreamlands/prefab/building/dls_virtual_area03_model01.unity3d,dreamlands/prefab/building,.unity3d,10606
dreamlands/prefab/building/dls_virtual_area03_model02.unity3d,dreamlands/prefab/building,.unity3d,10657
dreamlands/prefab/building/dls_virtual_area03_model03.unity3d,dreamlands/prefab/building,.unity3d,10605
dreamlands/prefab/building/dls_virtual_area04_default.unity3d,dreamlands/prefab/building,.unity3d,10671
dreamlands/prefab/building/dls_virtual_area04_model01.unity3d,dreamlands/prefab/building,.unity3d,10681
dreamlands/prefab/building/dls_virtual_area04_model02.unity3d,dreamlands/prefab/building,.unity3d,10639
dreamlands/prefab/building/dls_virtual_area04_model03.unity3d,dreamlands/prefab/building,.unity3d,12174
dreamlands/prefab/building/dls_virtual_area05_default.unity3d,dreamlands/prefab/building,.unity3d,13496
dreamlands/prefab/building/dls_virtual_area05_model01.unity3d,dreamlands/prefab/building,.unity3d,13119
dreamlands/prefab/building/dls_virtual_area05_model02.unity3d,dreamlands/prefab/building,.unity3d,13282
dreamlands/prefab/building/dls_virtual_area05_model03.unity3d,dreamlands/prefab/building,.unity3d,13453
dreamlands/prefab/building/dls_virtual_area06_default.unity3d,dreamlands/prefab/building,.unity3d,36378
dreamlands/prefab/building/dls_virtual_area06_model01.unity3d,dreamlands/prefab/building,.unity3d,13007
dreamlands/prefab/building/dls_virtual_area06_model02.unity3d,dreamlands/prefab/building,.unity3d,12752
dreamlands/prefab/building/dls_virtual_area06_model03.unity3d,dreamlands/prefab/building,.unity3d,10690
dreamlands/prefab/building/dls_virtual_area07_default.unity3d,dreamlands/prefab/building,.unity3d,11621
dreamlands/prefab/building/dls_virtual_area07_model01.unity3d,dreamlands/prefab/building,.unity3d,11234
dreamlands/prefab/building/dls_virtual_area07_model02.unity3d,dreamlands/prefab/building,.unity3d,17433
dreamlands/prefab/building/dls_virtual_area07_model03.unity3d,dreamlands/prefab/building,.unity3d,13122
dreamlands/prefab/building/dls_virtual_area08_default.unity3d,dreamlands/prefab/building,.unity3d,9400
dreamlands/prefab/building/dls_virtual_area08_model01.unity3d,dreamlands/prefab/building,.unity3d,9394
dreamlands/prefab/building/dls_virtual_area08_model02.unity3d,dreamlands/prefab/building,.unity3d,9357
dreamlands/prefab/building/dls_virtual_area08_model03.unity3d,dreamlands/prefab/building,.unity3d,9346
dreamlands/prefab/building/dls_virtual_area09_default.unity3d,dreamlands/prefab/building,.unity3d,14784
dreamlands/prefab/building/dls_virtual_area09_model01.unity3d,dreamlands/prefab/building,.unity3d,11934
dreamlands/prefab/building/dls_virtual_area09_model02.unity3d,dreamlands/prefab/building,.unity3d,12429
dreamlands/prefab/building/dls_virtual_area09_model03.unity3d,dreamlands/prefab/building,.unity3d,11931
dreamlands/prefab/building/dls_virtual_area10_default.unity3d,dreamlands/prefab/building,.unity3d,38195
dreamlands/prefab/building/dls_virtual_area10_model01.unity3d,dreamlands/prefab/building,.unity3d,37891
dreamlands/prefab/building/dls_virtual_area10_model02.unity3d,dreamlands/prefab/building,.unity3d,38229
dreamlands/prefab/building/dls_virtual_area10_model03.unity3d,dreamlands/prefab/building,.unity3d,9376
dreamlands/prefab/furniture/dreamlands_prefab_furniture1.unity3d,dreamlands/prefab/furniture,.unity3d,1166731
dreamlands/prefab/furniture/dreamlands_prefab_furniture2.unity3d,dreamlands/prefab/furniture,.unity3d,1583489
dreamlands/prefab/furniture/dreamlands_prefab_furniture3.unity3d,dreamlands/prefab/furniture,.unity3d,2369825
dreamlands/prefab/furniture/dreamlands_prefab_furniture4.unity3d,dreamlands/prefab/furniture,.unity3d,1596547
dreamlands/prefab/furniture_ui/dreamlands_prefab_furniture_ui1.unity3d,dreamlands/prefab/furniture_ui,.unity3d,68637
dreamlands/prefab/furniture_ui/ui_appearance_rockingchair01.unity3d,dreamlands/prefab/furniture_ui,.unity3d,44852
dreamlands/prefab/furniture_ui/ui_appearance_table01.unity3d,dreamlands/prefab/furniture_ui,.unity3d,11749
dreamlands/prefab/furniture_ui/ui_gloria_armor01.unity3d,dreamlands/prefab/furniture_ui,.unity3d,14983
capital/map/capital_home-bs-da00101.unity3d,capital/map,.unity3d,1461792
capital/map/capital_home-ch-da00101.unity3d,capital/map,.unity3d,1020019
capital/map/capital_home-fh-da00201.unity3d,capital/map,.unity3d,1855932
capital/map/capital_home-hp-da00101.unity3d,capital/map,.unity3d,1276019
capital/map/capital_home-mg-da00101.unity3d,capital/map,.unity3d,1126186
capital/map/capital_home-mh-da00101.unity3d,capital/map,.unity3d,911427
capital/map/capital_home-mk-da00101.unity3d,capital/map,.unity3d,1640607
capital/map/capital_home-os-da00101-001.unity3d,capital/map,.unity3d,3459132
capital/map/capital_home-os-da00101-002.unity3d,capital/map,.unity3d,2659413
capital/map/capital_home-os-da00101-orig.unity3d,capital/map,.unity3d,7480867
capital/map/capital_home-os-da00101.unity3d,capital/map,.unity3d,2412779
capital/map/capital_home-pb-ni00101.unity3d,capital/map,.unity3d,1031251
capital/map/capital_home-th-da00101.unity3d,capital/map,.unity3d,612343
capital/map/capital_lyc-dm-da00101.unity3d,capital/map,.unity3d,1077184
capital/map/capital_lyc-dm-ni00101.unity3d,capital/map,.unity3d,1043987
capital/map/capital_lyc-mh-da00101.unity3d,capital/map,.unity3d,1150332
capital/map/capital_lyc-mh-ni00101.unity3d,capital/map,.unity3d,1157808
capital/map/capital_lyc-os-da00101.unity3d,capital/map,.unity3d,3274022
capital/map/capital_lyc-os-ni00101.unity3d,capital/map,.unity3d,3295678
capital/map/capital_lyc-pb-da00101.unity3d,capital/map,.unity3d,1740158
capital/map/capital_lyc-pb-ni00101.unity3d,capital/map,.unity3d,1685717
capital/map/capital_swn-cp-da00601.unity3d,capital/map,.unity3d,1069489
capital/map/capital_swn-cp-ni00601.unity3d,capital/map,.unity3d,1111404
capital/setting_group/capital_alm-arena-common_group.unity3d,capital/setting_group,.unity3d,30496
capital/setting_group/capital_alm-homeos_common_group.unity3d,capital/setting_group,.unity3d,177788
capital/setting_group/capital_alm-mk-common_group.unity3d,capital/setting_group,.unity3d,64052
capital/setting_group/capital_alm-mk-night_group.unity3d,capital/setting_group,.unity3d,36160
capital/setting_group/capital_alm-os-001common_group.unity3d,capital/setting_group,.unity3d,99153
capital/setting_group/capital_alm-os-002common_group.unity3d,capital/setting_group,.unity3d,311508
capital/setting_group/capital_alm-thea-common_group.unity3d,capital/setting_group,.unity3d,107688
capital/setting_group/capital_alm-thea-fire_group.unity3d,capital/setting_group,.unity3d,7583
capital/setting_group/capital_alm-thea-night_group.unity3d,capital/setting_group,.unity3d,107640
capital/setting_group/capital_home-bs_common_group.unity3d,capital/setting_group,.unity3d,87274
capital/setting_group/capital_home-bs_noise_group.unity3d,capital/setting_group,.unity3d,59253
capital/setting_group/capital_home-ch_common_group.unity3d,capital/setting_group,.unity3d,65565
capital/setting_group/capital_home-ch_noise_group.unity3d,capital/setting_group,.unity3d,48732
capital/setting_group/capital_home-fh_common_group.unity3d,capital/setting_group,.unity3d,214848
capital/setting_group/capital_home-fh_noise_group.unity3d,capital/setting_group,.unity3d,34401
capital/setting_group/capital_home-hp_common_group.unity3d,capital/setting_group,.unity3d,123733
capital/setting_group/capital_home-hp_noise_group.unity3d,capital/setting_group,.unity3d,57536
capital/setting_group/capital_home-mg_common_group.unity3d,capital/setting_group,.unity3d,56250
capital/setting_group/capital_home-mg_noise_group.unity3d,capital/setting_group,.unity3d,28493
capital/setting_group/capital_home-mh_common_group.unity3d,capital/setting_group,.unity3d,22806
capital/setting_group/capital_home-mh_noise_group.unity3d,capital/setting_group,.unity3d,23392
capital/setting_group/capital_home-mk_common_group.unity3d,capital/setting_group,.unity3d,86182
capital/setting_group/capital_home-mk_noise_group.unity3d,capital/setting_group,.unity3d,112118
capital/setting_group/capital_home-os001_common_group.unity3d,capital/setting_group,.unity3d,205554
capital/setting_group/capital_home-os001_noise_group.unity3d,capital/setting_group,.unity3d,114698
capital/setting_group/capital_home-os_002common_group.unity3d,capital/setting_group,.unity3d,143785
capital/setting_group/capital_home-os_002noise_group.unity3d,capital/setting_group,.unity3d,86758
capital/setting_group/capital_home-os_common_group.unity3d,capital/setting_group,.unity3d,203063
capital/setting_group/capital_home-os_noise_group.unity3d,capital/setting_group,.unity3d,93032
capital/setting_group/capital_home-pb_common_group.unity3d,capital/setting_group,.unity3d,87106
capital/setting_group/capital_home-pb_noise_group.unity3d,capital/setting_group,.unity3d,64599
capital/setting_group/capital_home-th_common_group.unity3d,capital/setting_group,.unity3d,74196
capital/setting_group/capital_home-th_noise_group.unity3d,capital/setting_group,.unity3d,39224
capital/setting_group/capital_ldw-cp-common_group.unity3d,capital/setting_group,.unity3d,116151
capital/setting_group/capital_ldw-cp-dawn_group.unity3d,capital/setting_group,.unity3d,78617
capital/setting_group/capital_ldw-cp-dusk_group.unity3d,capital/setting_group,.unity3d,59129
capital/setting_group/capital_ldw-cp-extra_group.unity3d,capital/setting_group,.unity3d,269401
capital/setting_group/capital_ldw-cp-night_group.unity3d,capital/setting_group,.unity3d,79551
capital/setting_group/capital_ldw-os-dusk_group.unity3d,capital/setting_group,.unity3d,196899
capital/setting_group/capital_ldw-os-night_group.unity3d,capital/setting_group,.unity3d,133369
capital/setting_group/capital_lxy-cp-00101_night_group.unity3d,capital/setting_group,.unity3d,47531
capital/setting_group/capital_lxy-cp-00201_common_group.unity3d,capital/setting_group,.unity3d,154232
capital/setting_group/capital_lxy-cp-00301_common_group.unity3d,capital/setting_group,.unity3d,166978
capital/setting_group/capital_lxy-cp-00401_common_group.unity3d,capital/setting_group,.unity3d,108263
capital/setting_group/capital_lxy-cp-00601_common_group.unity3d,capital/setting_group,.unity3d,160928
capital/setting_group/capital_lxy-cp-00601_night_group.unity3d,capital/setting_group,.unity3d,77457
capital/setting_group/capital_lxy-cp-00601_snow_group.unity3d,capital/setting_group,.unity3d,55101
capital/setting_group/capital_lxy-os-00101_common_group.unity3d,capital/setting_group,.unity3d,283654
capital/setting_group/capital_lxy-os-00101_snow_group.unity3d,capital/setting_group,.unity3d,197096
capital/setting_group/capital_lxy-os-00301_common_group.unity3d,capital/setting_group,.unity3d,89972
capital/setting_group/capital_lxy-os-00401_common_group.unity3d,capital/setting_group,.unity3d,138684
capital/setting_group/capital_lyc-dm-00101_common_group.unity3d,capital/setting_group,.unity3d,35837
capital/setting_group/capital_lyc-dm-00101_night_group.unity3d,capital/setting_group,.unity3d,1706
capital/setting_group/capital_lyc-dm-00101_rain_group.unity3d,capital/setting_group,.unity3d,1717
capital/setting_group/capital_lyc-mh-00101_common_group.unity3d,capital/setting_group,.unity3d,36048
capital/setting_group/capital_lyc-mh-00101_night_group.unity3d,capital/setting_group,.unity3d,1723
capital/setting_group/capital_lyc-mh-00101_rain_group.unity3d,capital/setting_group,.unity3d,1723
capital/setting_group/capital_lyc-os-00101_common_group.unity3d,capital/setting_group,.unity3d,176022
capital/setting_group/capital_lyc-os-00101_night_group.unity3d,capital/setting_group,.unity3d,134610
capital/setting_group/capital_lyc-os-00101_rain_group.unity3d,capital/setting_group,.unity3d,91112
capital/setting_group/capital_lyc-pb-00101_common_group.unity3d,capital/setting_group,.unity3d,152895
capital/setting_group/capital_lyc-pb-00101_night_group.unity3d,capital/setting_group,.unity3d,76316
capital/setting_group/capital_lyc-pb-00101_rain_group.unity3d,capital/setting_group,.unity3d,42946
capital/setting_group/capital_swn-cp-00101_common_group.unity3d,capital/setting_group,.unity3d,57191
capital/setting_group/capital_swn-cp-00401-001_common_group.unity3d,capital/setting_group,.unity3d,91630
capital/setting_group/capital_swn-cp-00401-001_night_group.unity3d,capital/setting_group,.unity3d,35358
capital/setting_group/capital_swn-cp-00401_cloudy_group.unity3d,capital/setting_group,.unity3d,91394
capital/setting_group/capital_swn-cp-00401_common_group.unity3d,capital/setting_group,.unity3d,68959
capital/setting_group/capital_swn-cp-00401_night_group.unity3d,capital/setting_group,.unity3d,40182
capital/setting_group/capital_swn-cp-00501_common_group.unity3d,capital/setting_group,.unity3d,136474
capital/setting_group/capital_swn-cp-00501_night_group.unity3d,capital/setting_group,.unity3d,65164
capital/setting_group/capital_swn-cp-00601_common_group.unity3d,capital/setting_group,.unity3d,218270
capital/setting_group/capital_swn-cp-00601_night_group.unity3d,capital/setting_group,.unity3d,185317
capital/setting_group/capital_swn-cp-00601_special_group.unity3d,capital/setting_group,.unity3d,107285
capital/setting_group/rainy_capital_lyc-dm-ni00101.unity3d,capital/setting_group,.unity3d,39670
capital/setting_group/rainy_capital_lyc-mh-ni00101.unity3d,capital/setting_group,.unity3d,37575
capital/setting_group/rainy_capital_lyc-os-ni00101.unity3d,capital/setting_group,.unity3d,41312
capital/setting_group/rainy_capital_lyc-pb-ni00101.unity3d,capital/setting_group,.unity3d,37087
capital/setting_group/sunny_capital_lyc-dm-da00101.unity3d,capital/setting_group,.unity3d,1706
capital/setting_group/sunny_capital_lyc-dm-ni00101.unity3d,capital/setting_group,.unity3d,9823
capital/setting_group/sunny_capital_lyc-mh-da00101.unity3d,capital/setting_group,.unity3d,1716
capital/setting_group/sunny_capital_lyc-mh-ni00101.unity3d,capital/setting_group,.unity3d,35161
capital/setting_group/sunny_capital_lyc-os-da00101.unity3d,capital/setting_group,.unity3d,1711
capital/setting_group/sunny_capital_lyc-os-ni00101.unity3d,capital/setting_group,.unity3d,9250
capital/setting_group/sunny_capital_lyc-pb-da00101.unity3d,capital/setting_group,.unity3d,1711
capital/setting_group/sunny_capital_lyc-pb-ni00101.unity3d,capital/setting_group,.unity3d,3220
battle/block/grid.unity3d,battle/block,.unity3d,85327
battle/map/battle000_001.unity3d,battle/map,.unity3d,1683365
battle/map/battle000_002.unity3d,battle/map,.unity3d,1105768
battle/map/battle000_003.unity3d,battle/map,.unity3d,1335432
battle/map/battle000_004.unity3d,battle/map,.unity3d,842695
battle/map/battle000_005.unity3d,battle/map,.unity3d,1704032
battle/map/battle000_006-spcl.unity3d,battle/map,.unity3d,1163590
battle/map/battle000_006.unity3d,battle/map,.unity3d,1198278
battle/map/battle000_007-spcl.unity3d,battle/map,.unity3d,999170
battle/map/battle000_007.unity3d,battle/map,.unity3d,1050905
battle/map/battle000_008-spcl.unity3d,battle/map,.unity3d,1023645
battle/map/battle000_008.unity3d,battle/map,.unity3d,1052190
battle/map/battle000_009-spcl.unity3d,battle/map,.unity3d,903411
battle/map/battle000_009.unity3d,battle/map,.unity3d,962516
battle/map/battle000_010-spcl.unity3d,battle/map,.unity3d,715593
battle/map/battle000_010.unity3d,battle/map,.unity3d,743174
battle/map/battle000_011.unity3d,battle/map,.unity3d,1291663
battle/map/battle000_012-spcl.unity3d,battle/map,.unity3d,1169666
battle/map/battle000_012.unity3d,battle/map,.unity3d,935279
battle/map/battle000_013.unity3d,battle/map,.unity3d,1362884
battle/map/battle000_014.unity3d,battle/map,.unity3d,436529
battle/map/battle000_015.unity3d,battle/map,.unity3d,995290
battle/map/battle000_016.unity3d,battle/map,.unity3d,1062431
battle/map/battle000_017.unity3d,battle/map,.unity3d,714739
battle/map/battle000_018.unity3d,battle/map,.unity3d,1078671
battle/map/battle000_019.unity3d,battle/map,.unity3d,443822
battle/map/battle000_020.unity3d,battle/map,.unity3d,1110278
battle/map/battle000_021.unity3d,battle/map,.unity3d,709722
battle/map/battle000_022.unity3d,battle/map,.unity3d,1489245
battle/map/battle000_023.unity3d,battle/map,.unity3d,1117204
battle/map/battle000_024.unity3d,battle/map,.unity3d,1227209
battle/map/battle000_025.unity3d,battle/map,.unity3d,1052953
battle/map/battle000_026.unity3d,battle/map,.unity3d,693087
battle/map/battle000_027.unity3d,battle/map,.unity3d,1463170
battle/map/battle000_028.unity3d,battle/map,.unity3d,1015778
battle/map/battle000_029.unity3d,battle/map,.unity3d,677679
battle/map/battle000_030.unity3d,battle/map,.unity3d,1368451
battle/map/battle000_031.unity3d,battle/map,.unity3d,1160676
battle/map/battle000_ni012.unity3d,battle/map,.unity3d,1167295
battle/map/battle000_spcl-000.unity3d,battle/map,.unity3d,1919946
battle/map/battle001.unity3d,battle/map,.unity3d,1129517
battle/map/battle002.unity3d,battle/map,.unity3d,1025076
battle/map/battle003.unity3d,battle/map,.unity3d,1178698
battle/map/battle004.unity3d,battle/map,.unity3d,1011524
battle/map/battle005.unity3d,battle/map,.unity3d,1092913
battle/map/battle006.unity3d,battle/map,.unity3d,1085410
battle/map/battle007.unity3d,battle/map,.unity3d,1102618
battle/map/battle008.unity3d,battle/map,.unity3d,935117
battle/map/battle009.unity3d,battle/map,.unity3d,786759
battle/map/battle010.unity3d,battle/map,.unity3d,1139487
battle/map/battle011.unity3d,battle/map,.unity3d,1579925
battle/map/battle012.unity3d,battle/map,.unity3d,1168654
battle/map/battle013.unity3d,battle/map,.unity3d,1393187
battle/map/battle014.unity3d,battle/map,.unity3d,1222731
battle/map/battle015.unity3d,battle/map,.unity3d,1306521
battle/map/battle016.unity3d,battle/map,.unity3d,1152762
battle/map/battle017.unity3d,battle/map,.unity3d,1299975
battle/map/battle018.unity3d,battle/map,.unity3d,1185501
battle/map/battle019.unity3d,battle/map,.unity3d,1132795
battle/map/battle020.unity3d,battle/map,.unity3d,989433
battle/map/battle021.unity3d,battle/map,.unity3d,1177264
battle/map/battle022.unity3d,battle/map,.unity3d,1342648
battle/map/battle023.unity3d,battle/map,.unity3d,1220365
battle/map/chapter6castleroom2.unity3d,battle/map,.unity3d,1184736
battle/map/iriabroken01.unity3d,battle/map,.unity3d,1223257
battle/map/mapeditor.unity3d,battle/map,.unity3d,171543
battle/map/map_ca_001.unity3d,battle/map,.unity3d,304529
battle/map/map_ca_002.unity3d,battle/map,.unity3d,277646
battle/map/map_ca_003.unity3d,battle/map,.unity3d,288044
battle/map/p5t7v01.unity3d,battle/map,.unity3d,1046638
battle/map/stage_alm-os-da00201.unity3d,battle/map,.unity3d,3251221
battle/map/stage_alm-os-ni00201.unity3d,battle/map,.unity3d,3346582
battle/map/stage_cave-in-ni00101.unity3d,battle/map,.unity3d,1398825
battle/map/stage_cave-in-ni00201.unity3d,battle/map,.unity3d,2240253
battle/map/stage_cave-in-ni00301.unity3d,battle/map,.unity3d,1362871
battle/map/stage_cave-in-ni00401.unity3d,battle/map,.unity3d,1401751
battle/map/stage_cave-in-ni00501.unity3d,battle/map,.unity3d,1532222
battle/map/stage_cave-in-ni00601.unity3d,battle/map,.unity3d,3664141
battle/map/stage_cave-in-ni00701.unity3d,battle/map,.unity3d,1627414
battle/map/stage_cave-in-ni00801.unity3d,battle/map,.unity3d,2364005
battle/map/stage_cave-in-ni00901.unity3d,battle/map,.unity3d,1715556
battle/map/stage_cave-in-ni01001.unity3d,battle/map,.unity3d,2217719
battle/map/stage_cave-in-ni01101.unity3d,battle/map,.unity3d,2406949
battle/map/stage_cave-spcl-ni00101.unity3d,battle/map,.unity3d,572815
battle/map/stage_cave-spcl-ni00201-lda.unity3d,battle/map,.unity3d,858966
battle/map/stage_city-ca-da00101.unity3d,battle/map,.unity3d,739740
battle/map/stage_city-ca-da00201.unity3d,battle/map,.unity3d,882743
battle/map/stage_city-ca-da00301.unity3d,battle/map,.unity3d,979635
battle/map/stage_city-ca-da00401.unity3d,battle/map,.unity3d,1660967
battle/map/stage_city-ca-da00501.unity3d,battle/map,.unity3d,787122
battle/map/stage_city-ca-da00501_snow.unity3d,battle/map,.unity3d,880942
battle/map/stage_city-ca-da00502.unity3d,battle/map,.unity3d,873459
battle/map/stage_city-ca-da00601.unity3d,battle/map,.unity3d,1400656
battle/map/stage_city-ca-da00701.unity3d,battle/map,.unity3d,1400502
battle/map/stage_city-ca-da00702.unity3d,battle/map,.unity3d,1412032
battle/map/stage_city-ca-da00801.unity3d,battle/map,.unity3d,1167741
battle/map/stage_city-ca-da00901.unity3d,battle/map,.unity3d,1297483
battle/map/stage_city-ca-da01001.unity3d,battle/map,.unity3d,1183599
battle/map/stage_city-ca-da01101.unity3d,battle/map,.unity3d,1510992
battle/map/stage_city-ca-da01201.unity3d,battle/map,.unity3d,1411701
battle/map/stage_city-ca-da01301.unity3d,battle/map,.unity3d,1166917
battle/map/stage_city-ca-da01401.unity3d,battle/map,.unity3d,1006061
battle/map/stage_city-ca-da01501.unity3d,battle/map,.unity3d,1207129
battle/map/stage_city-ca-da01601.unity3d,battle/map,.unity3d,846479
battle/map/stage_city-ca-da01701.unity3d,battle/map,.unity3d,1097567
battle/map/stage_city-ca-da01801-spcl00.unity3d,battle/map,.unity3d,757299
battle/map/stage_city-ca-da01801.unity3d,battle/map,.unity3d,1124996
battle/map/stage_city-ca-da01901.unity3d,battle/map,.unity3d,1201700
battle/map/stage_city-ca-da02001.unity3d,battle/map,.unity3d,611453
battle/map/stage_city-ca-da02101.unity3d,battle/map,.unity3d,1246409
battle/map/stage_city-ca-da02301.unity3d,battle/map,.unity3d,943710
battle/map/stage_city-ca-da02401.unity3d,battle/map,.unity3d,905560
battle/map/stage_city-ca-da02501.unity3d,battle/map,.unity3d,2113042
battle/map/stage_city-ca-du00101.unity3d,battle/map,.unity3d,753693
battle/map/stage_city-ca-du00201.unity3d,battle/map,.unity3d,858525
battle/map/stage_city-ca-du00201_snow.unity3d,battle/map,.unity3d,866456
battle/map/stage_city-ca-du00202.unity3d,battle/map,.unity3d,857693
battle/map/stage_city-ca-du00301.unity3d,battle/map,.unity3d,1181694
battle/map/stage_city-ca-du00401.unity3d,battle/map,.unity3d,1657636
battle/map/stage_city-ca-du00701.unity3d,battle/map,.unity3d,1361602
battle/map/stage_city-ca-du00702.unity3d,battle/map,.unity3d,1377114
battle/map/stage_city-ca-du00801.unity3d,battle/map,.unity3d,1165581
battle/map/stage_city-ca-du00901.unity3d,battle/map,.unity3d,1241445
battle/map/stage_city-ca-du01001.unity3d,battle/map,.unity3d,1165550
battle/map/stage_city-ca-du01101.unity3d,battle/map,.unity3d,1490870
battle/map/stage_city-ca-du01201.unity3d,battle/map,.unity3d,1403173
battle/map/stage_city-ca-du01301.unity3d,battle/map,.unity3d,1154704
battle/map/stage_city-ca-du01401.unity3d,battle/map,.unity3d,995313
battle/map/stage_city-ca-du01501.unity3d,battle/map,.unity3d,1201977
battle/map/stage_city-ca-du02502.unity3d,battle/map,.unity3d,1685939
battle/map/stage_city-ca-ni00101.unity3d,battle/map,.unity3d,735650
battle/map/stage_city-ca-ni00201.unity3d,battle/map,.unity3d,864980
battle/map/stage_city-ca-ni00201_snow.unity3d,battle/map,.unity3d,870464
battle/map/stage_city-ca-ni00202.unity3d,battle/map,.unity3d,861212
battle/map/stage_city-ca-ni00301.unity3d,battle/map,.unity3d,951310
battle/map/stage_city-ca-ni00401.unity3d,battle/map,.unity3d,1702371
battle/map/stage_city-ca-ni00701.unity3d,battle/map,.unity3d,1458614
battle/map/stage_city-ca-ni00801.unity3d,battle/map,.unity3d,1214238
battle/map/stage_city-ca-ni00901.unity3d,battle/map,.unity3d,1337441
battle/map/stage_city-ca-ni01001.unity3d,battle/map,.unity3d,1275954
battle/map/stage_city-ca-ni01101.unity3d,battle/map,.unity3d,1530441
battle/map/stage_city-ca-ni01201.unity3d,battle/map,.unity3d,1450140
battle/map/stage_city-ca-ni01301.unity3d,battle/map,.unity3d,1216857
battle/map/stage_city-ca-ni01401.unity3d,battle/map,.unity3d,1062703
battle/map/stage_city-ca-ni01501.unity3d,battle/map,.unity3d,1246932
battle/map/stage_city-ca-ni02201.unity3d,battle/map,.unity3d,943982
battle/map/stage_city-cp-da00101.unity3d,battle/map,.unity3d,1556879
battle/map/stage_city-os-da00101-00.unity3d,battle/map,.unity3d,1848057
battle/map/stage_city-os-da00101-01.unity3d,battle/map,.unity3d,1870406
battle/map/stage_city-os-da00201.unity3d,battle/map,.unity3d,1085017
battle/map/stage_city-os-da00301.unity3d,battle/map,.unity3d,1075498
battle/map/stage_city-os-da00401.unity3d,battle/map,.unity3d,1265186
battle/map/stage_city-os-da00601.unity3d,battle/map,.unity3d,1297848
battle/map/stage_city-os-da00701.unity3d,battle/map,.unity3d,1303440
battle/map/stage_city-os-da01101.unity3d,battle/map,.unity3d,2027788
battle/map/stage_city-os-da01301.unity3d,battle/map,.unity3d,1736454
battle/map/stage_city-os-da01401.unity3d,battle/map,.unity3d,1288787
battle/map/stage_city-os-da01501.unity3d,battle/map,.unity3d,1866444
battle/map/stage_city-os-da01601.unity3d,battle/map,.unity3d,2057127
battle/map/stage_city-os-da01701.unity3d,battle/map,.unity3d,1572715
battle/map/stage_city-os-da01702.unity3d,battle/map,.unity3d,3513189
battle/map/stage_city-os-da01801.unity3d,battle/map,.unity3d,1618493
battle/map/stage_city-os-da01901.unity3d,battle/map,.unity3d,1995428
battle/map/stage_city-os-da02001.unity3d,battle/map,.unity3d,1535044
battle/map/stage_city-os-du00201.unity3d,battle/map,.unity3d,1174618
battle/map/stage_city-os-du00301.unity3d,battle/map,.unity3d,1060494
battle/map/stage_city-os-du00401.unity3d,battle/map,.unity3d,1259199
battle/map/stage_city-os-du00601.unity3d,battle/map,.unity3d,1427364
battle/map/stage_city-os-du00701.unity3d,battle/map,.unity3d,1410807
battle/map/stage_city-os-du01101.unity3d,battle/map,.unity3d,2143147
battle/map/stage_city-os-du01401.unity3d,battle/map,.unity3d,1318296
battle/map/stage_city-os-du01601.unity3d,battle/map,.unity3d,2080851
battle/map/stage_city-os-du01701.unity3d,battle/map,.unity3d,1588236
battle/map/stage_city-os-du01801.unity3d,battle/map,.unity3d,1679266
battle/map/stage_city-os-duco00802.unity3d,battle/map,.unity3d,2249971
battle/map/stage_city-os-duco00902.unity3d,battle/map,.unity3d,2259815
battle/map/stage_city-os-ni00101.unity3d,battle/map,.unity3d,1952626
battle/map/stage_city-os-ni00201.unity3d,battle/map,.unity3d,1136378
battle/map/stage_city-os-ni00301.unity3d,battle/map,.unity3d,1084607
battle/map/stage_city-os-ni00401.unity3d,battle/map,.unity3d,1267220
battle/map/stage_city-os-ni00601.unity3d,battle/map,.unity3d,1581850
battle/map/stage_city-os-ni00701.unity3d,battle/map,.unity3d,1570369
battle/map/stage_city-os-ni00902.unity3d,battle/map,.unity3d,2160567
battle/map/stage_city-os-ni01002.unity3d,battle/map,.unity3d,2261311
battle/map/stage_city-os-ni01202.unity3d,battle/map,.unity3d,1489061
battle/map/stage_city-os-ni01401.unity3d,battle/map,.unity3d,1350909
battle/map/stage_city-os-ni01601.unity3d,battle/map,.unity3d,2074024
battle/map/stage_city-os-ni02101.unity3d,battle/map,.unity3d,2084976
battle/map/stage_city-os-ni02201.unity3d,battle/map,.unity3d,2403779
battle/map/stage_city-pit-da00101.unity3d,battle/map,.unity3d,992706
battle/map/stage_city-pit-da00201.unity3d,battle/map,.unity3d,1782978
battle/map/stage_city-pit-da00301.unity3d,battle/map,.unity3d,1553963
battle/map/stage_city-pit-da00401.unity3d,battle/map,.unity3d,1885763
battle/map/stage_city-pit-da00501.unity3d,battle/map,.unity3d,1491591
battle/map/stage_city-pit-da00601.unity3d,battle/map,.unity3d,1156387
battle/map/stage_city-pit-da00701.unity3d,battle/map,.unity3d,2483954
battle/map/stage_city-pit-da00801.unity3d,battle/map,.unity3d,1940654
battle/map/stage_city-pit-ni00601.unity3d,battle/map,.unity3d,1274810
battle/map/stage_city-spcl-da00501.unity3d,battle/map,.unity3d,734622
battle/map/stage_city-spcl-da00601.unity3d,battle/map,.unity3d,1132641
battle/map/stage_city-spcl-da00801.unity3d,battle/map,.unity3d,1769580
battle/map/stage_city-spcl-da00901-00.unity3d,battle/map,.unity3d,1610503
battle/map/stage_city-spcl-da00901-01.unity3d,battle/map,.unity3d,1662153
battle/map/stage_city-spcl-da00901-02.unity3d,battle/map,.unity3d,2630550
battle/map/stage_city-spcl-dawn00401.unity3d,battle/map,.unity3d,1262188
battle/map/stage_city-spcl-du00301.unity3d,battle/map,.unity3d,1232934
battle/map/stage_city-spcl-ni00101.unity3d,battle/map,.unity3d,1229487
battle/map/stage_city-spcl-ni00201.unity3d,battle/map,.unity3d,1114922
battle/map/stage_city-spcl-ni00301.unity3d,battle/map,.unity3d,1256953
battle/map/stage_city-spcl-ni00401.unity3d,battle/map,.unity3d,1264447
battle/map/stage_city-spcl-ni00701.unity3d,battle/map,.unity3d,1941174
battle/map/stage_city-spcl-niri00301.unity3d,battle/map,.unity3d,1264642
battle/map/stage_city-spcl-nith00301-001.unity3d,battle/map,.unity3d,1146438
battle/map/stage_city-spcl-nith00301-002.unity3d,battle/map,.unity3d,1051938
battle/map/stage_city-spcl-nith00301.unity3d,battle/map,.unity3d,1263587
battle/map/stage_desert-os-da00101.unity3d,battle/map,.unity3d,2181721
battle/map/stage_desert-os-da00201.unity3d,battle/map,.unity3d,1013347
battle/map/stage_desert-os-da00301.unity3d,battle/map,.unity3d,1046455
battle/map/stage_desert-os-da00401.unity3d,battle/map,.unity3d,512798
battle/map/stage_desert-os-da00501.unity3d,battle/map,.unity3d,1214375
battle/map/stage_desert-os-da00601.unity3d,battle/map,.unity3d,895645
battle/map/stage_desert-os-da00701.unity3d,battle/map,.unity3d,959985
battle/map/stage_desert-os-da00801.unity3d,battle/map,.unity3d,634694
battle/map/stage_desert-os-da00901.unity3d,battle/map,.unity3d,2111563
battle/map/stage_desert-os-da01001.unity3d,battle/map,.unity3d,1252313
battle/map/stage_desert-os-da01101-001.unity3d,battle/map,.unity3d,1588446
battle/map/stage_desert-os-da01101.unity3d,battle/map,.unity3d,1573558
battle/map/stage_desert-os-da01201.unity3d,battle/map,.unity3d,257469
battle/map/stage_desert-os-da01401.unity3d,battle/map,.unity3d,1038687
battle/map/stage_desert-os-da01501.unity3d,battle/map,.unity3d,1207649
battle/map/stage_desert-os-ni00301.unity3d,battle/map,.unity3d,1148088
battle/map/stage_desert-os-ni00401.unity3d,battle/map,.unity3d,497725
battle/map/stage_desert-os-ni00501.unity3d,battle/map,.unity3d,1374745
battle/map/stage_desert-os-ni00701.unity3d,battle/map,.unity3d,1069900
battle/map/stage_desert-os-ni00801.unity3d,battle/map,.unity3d,604760
battle/map/stage_desert-os-ni01301.unity3d,battle/map,.unity3d,1916819
battle/map/stage_desert-os-ni01601.unity3d,battle/map,.unity3d,1429019
battle/map/stage_desert-spcl-da00101.unity3d,battle/map,.unity3d,508215
battle/map/stage_desert-spcl-da00201.unity3d,battle/map,.unity3d,1810240
battle/map/stage_desert-spcl-da00203.unity3d,battle/map,.unity3d,1822785
battle/map/stage_desert-spcl-ni00101.unity3d,battle/map,.unity3d,580183
battle/map/stage_desert-spcl-ni00201.unity3d,battle/map,.unity3d,1901043
battle/map/stage_desert-spcl-ni00202.unity3d,battle/map,.unity3d,1902441
battle/map/stage_desert-spcl-ni00204.unity3d,battle/map,.unity3d,1932881
battle/map/stage_home-ch-da00101.unity3d,battle/map,.unity3d,963618
battle/map/stage_home-ch-ni00101.unity3d,battle/map,.unity3d,929506
battle/map/stage_home-cp-da00101.unity3d,battle/map,.unity3d,1754193
battle/map/stage_home-os-da00101-002.unity3d,battle/map,.unity3d,2412609
battle/map/stage_home-os-ni00101-001.unity3d,battle/map,.unity3d,1900696
battle/map/stage_home-pb-da00101.unity3d,battle/map,.unity3d,1041106
battle/map/stage_home-pb-ni00101.unity3d,battle/map,.unity3d,1068843
battle/map/stage_home-th-da00101.unity3d,battle/map,.unity3d,681311
battle/map/stage_interior-ca-da00101.unity3d,battle/map,.unity3d,921682
battle/map/stage_interior-ca-da00201.unity3d,battle/map,.unity3d,946447
battle/map/stage_interior-ca-da00301.unity3d,battle/map,.unity3d,866085
battle/map/stage_interior-ca-da00401.unity3d,battle/map,.unity3d,847145
battle/map/stage_interior-ca-da00601.unity3d,battle/map,.unity3d,618451
battle/map/stage_interior-ca-da00701.unity3d,battle/map,.unity3d,795581
battle/map/stage_interior-ca-da00801.unity3d,battle/map,.unity3d,610982
battle/map/stage_interior-ca-da00901.unity3d,battle/map,.unity3d,876801
battle/map/stage_interior-ca-da01001.unity3d,battle/map,.unity3d,797281
battle/map/stage_interior-ca-da01101.unity3d,battle/map,.unity3d,765107
battle/map/stage_interior-ca-da01201.unity3d,battle/map,.unity3d,956771
battle/map/stage_interior-ca-da01301.unity3d,battle/map,.unity3d,1079216
battle/map/stage_interior-ca-da01401.unity3d,battle/map,.unity3d,1049741
battle/map/stage_interior-ca-du01401.unity3d,battle/map,.unity3d,611236
battle/map/stage_interior-ca-ni00101-spcl00.unity3d,battle/map,.unity3d,932983
battle/map/stage_interior-ca-ni00101-spcl01.unity3d,battle/map,.unity3d,912625
battle/map/stage_interior-ca-ni00101.unity3d,battle/map,.unity3d,929362
battle/map/stage_interior-ca-ni00401-spcl00.unity3d,battle/map,.unity3d,842980
battle/map/stage_interior-ca-ni00401-spcl01.unity3d,battle/map,.unity3d,831604
battle/map/stage_interior-ca-ni00401.unity3d,battle/map,.unity3d,843368
battle/map/stage_interior-ca-ni00501-spcl00.unity3d,battle/map,.unity3d,791185
battle/map/stage_interior-ca-ni00501-spcl01.unity3d,battle/map,.unity3d,789629
battle/map/stage_interior-ca-ni00501.unity3d,battle/map,.unity3d,798067
battle/map/stage_interior-ca-ni00601-spcl00.unity3d,battle/map,.unity3d,707513
battle/map/stage_interior-ca-ni00601-spcl01.unity3d,battle/map,.unity3d,718820
battle/map/stage_interior-ca-ni00601.unity3d,battle/map,.unity3d,710571
battle/map/stage_interior-ca-ni00801-spcl00.unity3d,battle/map,.unity3d,651090
battle/map/stage_interior-ca-ni00801-spcl01.unity3d,battle/map,.unity3d,635013
battle/map/stage_interior-ca-ni00801.unity3d,battle/map,.unity3d,645669
battle/map/stage_interior-ca-ni01401.unity3d,battle/map,.unity3d,612296
battle/map/stage_interior-cp-ni00101.unity3d,battle/map,.unity3d,352748
battle/map/stage_interior-dzt-da00101.unity3d,battle/map,.unity3d,864835
battle/map/stage_interior-in-da00101.unity3d,battle/map,.unity3d,506673
battle/map/stage_interior-in-da00201.unity3d,battle/map,.unity3d,466422
battle/map/stage_interior-in-da00501.unity3d,battle/map,.unity3d,850420
battle/map/stage_interior-in-da00601.unity3d,battle/map,.unity3d,1308841
battle/map/stage_interior-in-ni00101.unity3d,battle/map,.unity3d,476204
battle/map/stage_interior-in-ni00201.unity3d,battle/map,.unity3d,444212
battle/map/stage_interior-in-ni00301.unity3d,battle/map,.unity3d,1874784
battle/map/stage_interior-in-ni00401.unity3d,battle/map,.unity3d,1814428
battle/map/stage_interior-in-ni00701.unity3d,battle/map,.unity3d,1638591
battle/map/stage_interior-in-ni00801.unity3d,battle/map,.unity3d,1135193
battle/map/stage_interior-in-ni00901.unity3d,battle/map,.unity3d,1449481
battle/map/stage_interior-in-ni01001.unity3d,battle/map,.unity3d,686513
battle/map/stage_interior-pa-da00201.unity3d,battle/map,.unity3d,1135778
battle/map/stage_interior-pa-da00301.unity3d,battle/map,.unity3d,1389246
battle/map/stage_interior-pa-da00401.unity3d,battle/map,.unity3d,888035
battle/map/stage_interior-pa-da00501.unity3d,battle/map,.unity3d,765865
battle/map/stage_interior-pa-da00601.unity3d,battle/map,.unity3d,809533
battle/map/stage_interior-pa-da00801.unity3d,battle/map,.unity3d,1254226
battle/map/stage_interior-pa-da01101.unity3d,battle/map,.unity3d,1759390
battle/map/stage_interior-pa-ni00101.unity3d,battle/map,.unity3d,1105131
battle/map/stage_interior-pa-ni00201.unity3d,battle/map,.unity3d,1182807
battle/map/stage_interior-pa-ni00401.unity3d,battle/map,.unity3d,932366
battle/map/stage_interior-pa-ni00701.unity3d,battle/map,.unity3d,1017790
battle/map/stage_interior-pa-ni00901.unity3d,battle/map,.unity3d,1386182
battle/map/stage_interior-pa-ni01001.unity3d,battle/map,.unity3d,1442780
battle/map/stage_interior-pa-ni01101.unity3d,battle/map,.unity3d,1805237
battle/map/stage_interior-spcl-da00101.unity3d,battle/map,.unity3d,381158
battle/map/stage_interior-spcl-da00701.unity3d,battle/map,.unity3d,612159
battle/map/stage_interior-spcl-da00801.unity3d,battle/map,.unity3d,677913
battle/map/stage_interior-spcl-ni00201.unity3d,battle/map,.unity3d,400907
battle/map/stage_interior-spcl-ni00301.unity3d,battle/map,.unity3d,898172
battle/map/stage_interior-spcl-ni00401.unity3d,battle/map,.unity3d,558968
battle/map/stage_interior-spcl-ni00501.unity3d,battle/map,.unity3d,205141
battle/map/stage_interior-spcl-ni00601.unity3d,battle/map,.unity3d,1534579
battle/map/stage_interior-spcl-ni00602.unity3d,battle/map,.unity3d,1697434
battle/map/stage_interior-spcl-ni00701.unity3d,battle/map,.unity3d,605835
battle/map/stage_interior-spcl-ni00801.unity3d,battle/map,.unity3d,680231
battle/map/stage_interior-ug-ni00101.unity3d,battle/map,.unity3d,1302293
battle/map/stage_interior-ug-ni00201.unity3d,battle/map,.unity3d,1484768
battle/map/stage_interior-ug-ni00401.unity3d,battle/map,.unity3d,643398
battle/map/stage_interior-ug-ni00501.unity3d,battle/map,.unity3d,1459215
battle/map/stage_interior-ug-ni00601.unity3d,battle/map,.unity3d,1122782
battle/map/stage_interior-ug-ni00701.unity3d,battle/map,.unity3d,2160665
battle/map/stage_interior-ug-ni00801.unity3d,battle/map,.unity3d,1921831
battle/map/stage_interior-ug-ni00901.unity3d,battle/map,.unity3d,1019042
battle/map/stage_interior-ug-ni01001.unity3d,battle/map,.unity3d,2084744
battle/map/stage_interior-ug-ni01101.unity3d,battle/map,.unity3d,1281181
battle/map/stage_interior-ug-ni01201.unity3d,battle/map,.unity3d,1549256
battle/map/stage_interior-ug-ni01301.unity3d,battle/map,.unity3d,1733642
battle/map/stage_interior-ug-ni01401.unity3d,battle/map,.unity3d,679519
battle/map/stage_interior-ug-ni01501.unity3d,battle/map,.unity3d,1021519
battle/map/stage_lxy-cp-da00201.unity3d,battle/map,.unity3d,878642
battle/map/stage_lxy-cp-da00501.unity3d,battle/map,.unity3d,1391563
battle/map/stage_lxy-cp-da00601.unity3d,battle/map,.unity3d,1032504
battle/map/stage_lxy-cp-du00201-00.unity3d,battle/map,.unity3d,1883028
battle/map/stage_lxy-cp-ni00401.unity3d,battle/map,.unity3d,1131373
battle/map/stage_lxy-os-da00101-001.unity3d,battle/map,.unity3d,2294020
battle/map/stage_lxy-os-da00101-002.unity3d,battle/map,.unity3d,2342747
battle/map/stage_lxy-os-da00101.unity3d,battle/map,.unity3d,2336418
battle/map/stage_lxy-os-da00102.unity3d,battle/map,.unity3d,2356101
battle/map/stage_lxy-os-da00301.unity3d,battle/map,.unity3d,661589
battle/map/stage_lxy-os-ni00401.unity3d,battle/map,.unity3d,570104
battle/map/stage_lyc-arena-da00101.unity3d,battle/map,.unity3d,967901
battle/map/stage_marsh-os-da00101-000.unity3d,battle/map,.unity3d,901051
battle/map/stage_marsh-os-da00101.unity3d,battle/map,.unity3d,1031753
battle/map/stage_marsh-os-da00201.unity3d,battle/map,.unity3d,819315
battle/map/stage_marsh-os-da00301.unity3d,battle/map,.unity3d,708605
battle/map/stage_marsh-os-da00401.unity3d,battle/map,.unity3d,999931
battle/map/stage_marsh-os-da00501.unity3d,battle/map,.unity3d,1123298
battle/map/stage_marsh-os-da00701.unity3d,battle/map,.unity3d,743498
battle/map/stage_marsh-os-da00801.unity3d,battle/map,.unity3d,799265
battle/map/stage_marsh-os-du00401.unity3d,battle/map,.unity3d,989218
battle/map/stage_marsh-os-du00501.unity3d,battle/map,.unity3d,1130912
battle/map/stage_marsh-os-du00701.unity3d,battle/map,.unity3d,735948
battle/map/stage_marsh-os-ni00101-000.unity3d,battle/map,.unity3d,901389
battle/map/stage_marsh-os-ni00101.unity3d,battle/map,.unity3d,1044646
battle/map/stage_marsh-os-ni00201.unity3d,battle/map,.unity3d,847012
battle/map/stage_marsh-os-ni00301.unity3d,battle/map,.unity3d,753052
battle/map/stage_marsh-os-ni00401.unity3d,battle/map,.unity3d,1048001
battle/map/stage_marsh-os-ni00501.unity3d,battle/map,.unity3d,1142339
battle/map/stage_marsh-os-nico00501.unity3d,battle/map,.unity3d,1084726
battle/map/stage_marsh-os-nico00601.unity3d,battle/map,.unity3d,1481706
battle/map/stage_marsh-spcl-da00101.unity3d,battle/map,.unity3d,858676
battle/map/stage_marsh-spcl-ni00101.unity3d,battle/map,.unity3d,876450
battle/map/stage_marsh-spcl-ni00201-000.unity3d,battle/map,.unity3d,1199611
battle/map/stage_marsh-spcl-ni00201-001.unity3d,battle/map,.unity3d,1046728
battle/map/stage_mountain-os-da00101.unity3d,battle/map,.unity3d,403154
battle/map/stage_mountain-os-da00201.unity3d,battle/map,.unity3d,300575
battle/map/stage_mountain-os-da00401.unity3d,battle/map,.unity3d,401879
battle/map/stage_mountain-os-da00501.unity3d,battle/map,.unity3d,304000
battle/map/stage_mountain-os-da00701.unity3d,battle/map,.unity3d,1427535
battle/map/stage_mountain-os-da00801.unity3d,battle/map,.unity3d,885754
battle/map/stage_mountain-os-da00901.unity3d,battle/map,.unity3d,838654
battle/map/stage_mountain-os-da01001.unity3d,battle/map,.unity3d,1165960
battle/map/stage_mountain-os-da01101.unity3d,battle/map,.unity3d,957852
battle/map/stage_mountain-os-da01201.unity3d,battle/map,.unity3d,815905
battle/map/stage_mountain-os-da01301.unity3d,battle/map,.unity3d,973371
battle/map/stage_mountain-os-da01401.unity3d,battle/map,.unity3d,712290
battle/map/stage_mountain-os-da01501.unity3d,battle/map,.unity3d,852706
battle/map/stage_mountain-os-da01601.unity3d,battle/map,.unity3d,638751
battle/map/stage_mountain-os-da01601_snowtest.unity3d,battle/map,.unity3d,693784
battle/map/stage_mountain-os-da01701.unity3d,battle/map,.unity3d,745850
battle/map/stage_mountain-os-da01801.unity3d,battle/map,.unity3d,908699
battle/map/stage_mountain-os-da01901.unity3d,battle/map,.unity3d,916954
battle/map/stage_mountain-os-da02001.unity3d,battle/map,.unity3d,1338778
battle/map/stage_mountain-os-da02101.unity3d,battle/map,.unity3d,800049
battle/map/stage_mountain-os-du00301.unity3d,battle/map,.unity3d,612190
battle/map/stage_mountain-os-du00601.unity3d,battle/map,.unity3d,487204
battle/map/stage_mountain-os-du00701.unity3d,battle/map,.unity3d,1408340
battle/map/stage_mountain-os-du01001.unity3d,battle/map,.unity3d,1020217
battle/map/stage_mountain-os-du01101.unity3d,battle/map,.unity3d,930818
battle/map/stage_mountain-os-du01201.unity3d,battle/map,.unity3d,798420
battle/map/stage_mountain-os-du01301.unity3d,battle/map,.unity3d,939228
battle/map/stage_mountain-os-du01401.unity3d,battle/map,.unity3d,750629
battle/map/stage_mountain-os-du01501.unity3d,battle/map,.unity3d,804679
battle/map/stage_mountain-os-du01601.unity3d,battle/map,.unity3d,612625
battle/map/stage_mountain-os-du01701.unity3d,battle/map,.unity3d,719820
battle/map/stage_mountain-os-du01801.unity3d,battle/map,.unity3d,848265
battle/map/stage_mountain-os-ni00701.unity3d,battle/map,.unity3d,1421806
battle/map/stage_mountain-os-ni01001.unity3d,battle/map,.unity3d,1013904
battle/map/stage_mountain-os-ni01101.unity3d,battle/map,.unity3d,937553
battle/map/stage_mountain-os-ni01201.unity3d,battle/map,.unity3d,789059
battle/map/stage_mountain-os-ni01301.unity3d,battle/map,.unity3d,941457
battle/map/stage_mountain-os-ni01401.unity3d,battle/map,.unity3d,744941
battle/map/stage_mountain-os-ni01501.unity3d,battle/map,.unity3d,789440
battle/map/stage_mountain-os-ni01601.unity3d,battle/map,.unity3d,605984
battle/map/stage_mountain-os-ni01701.unity3d,battle/map,.unity3d,716045
battle/map/stage_mountain-os-ni01801.unity3d,battle/map,.unity3d,850489
battle/map/stage_mountain-os-ni02101.unity3d,battle/map,.unity3d,770758
battle/map/stage_mountain-os-niri01401.unity3d,battle/map,.unity3d,738012
battle/map/stage_mountain-spcl-da00101.unity3d,battle/map,.unity3d,191561
battle/map/stage_mountain-spcl-da00201.unity3d,battle/map,.unity3d,3400319
battle/map/stage_mountain-spcl-da00401-00.unity3d,battle/map,.unity3d,252478
battle/map/stage_mountain-spcl-da00401.unity3d,battle/map,.unity3d,1146701
battle/map/stage_mountain-spcl-da00501.unity3d,battle/map,.unity3d,1005475
battle/map/stage_mountain-spcl-du00301.unity3d,battle/map,.unity3d,859824
battle/map/stage_mountain-spcl-ni00301.unity3d,battle/map,.unity3d,838063
battle/map/stage_plain-cp-da00101.unity3d,battle/map,.unity3d,645277
battle/map/stage_plain-cp-da00201.unity3d,battle/map,.unity3d,1429010
battle/map/stage_plain-cp-da00401.unity3d,battle/map,.unity3d,815622
battle/map/stage_plain-cp-da00501.unity3d,battle/map,.unity3d,1431411
battle/map/stage_plain-cp-da00601.unity3d,battle/map,.unity3d,1011842
battle/map/stage_plain-cp-da00601_snow.unity3d,battle/map,.unity3d,1020667
battle/map/stage_plain-cp-da00602.unity3d,battle/map,.unity3d,1005124
battle/map/stage_plain-cp-da00901.unity3d,battle/map,.unity3d,1215910
battle/map/stage_plain-cp-du00101.unity3d,battle/map,.unity3d,698042
battle/map/stage_plain-cp-du00201.unity3d,battle/map,.unity3d,1445017
battle/map/stage_plain-cp-du00401.unity3d,battle/map,.unity3d,802150
battle/map/stage_plain-cp-du00501.unity3d,battle/map,.unity3d,1446070
battle/map/stage_plain-cp-du00901.unity3d,battle/map,.unity3d,1212356
battle/map/stage_plain-cp-ni00102.unity3d,battle/map,.unity3d,763282
battle/map/stage_plain-cp-ni00201.unity3d,battle/map,.unity3d,1635339
battle/map/stage_plain-cp-ni00201_snow.unity3d,battle/map,.unity3d,1545752
battle/map/stage_plain-cp-ni00201_snowtest.unity3d,battle/map,.unity3d,1641115
battle/map/stage_plain-cp-ni00202.unity3d,battle/map,.unity3d,1549164
battle/map/stage_plain-cp-ni00301.unity3d,battle/map,.unity3d,3149805
battle/map/stage_plain-cp-ni00302.unity3d,battle/map,.unity3d,2605970
battle/map/stage_plain-cp-ni00401.unity3d,battle/map,.unity3d,800031
battle/map/stage_plain-cp-ni00501.unity3d,battle/map,.unity3d,1399689
battle/map/stage_plain-cp-ni00701.unity3d,battle/map,.unity3d,2678261
battle/map/stage_plain-cp-ni00801.unity3d,battle/map,.unity3d,922521
battle/map/stage_plain-os-da00201.unity3d,battle/map,.unity3d,454745
battle/map/stage_plain-os-da00301.unity3d,battle/map,.unity3d,1094694
battle/map/stage_plain-os-da00501.unity3d,battle/map,.unity3d,493361
battle/map/stage_plain-os-da00601.unity3d,battle/map,.unity3d,630078
battle/map/stage_plain-os-da00701.unity3d,battle/map,.unity3d,488319
battle/map/stage_plain-os-da00801.unity3d,battle/map,.unity3d,1066568
battle/map/stage_plain-os-da00901.unity3d,battle/map,.unity3d,1106754
battle/map/stage_plain-os-da01001.unity3d,battle/map,.unity3d,1099879
battle/map/stage_plain-os-da01101.unity3d,battle/map,.unity3d,1236832
battle/map/stage_plain-os-da01201.unity3d,battle/map,.unity3d,836721
battle/map/stage_plain-os-da01301.unity3d,battle/map,.unity3d,594923
battle/map/stage_plain-os-da01401.unity3d,battle/map,.unity3d,1432068
battle/map/stage_plain-os-da01601.unity3d,battle/map,.unity3d,953619
battle/map/stage_plain-os-da01701.unity3d,battle/map,.unity3d,1450085
battle/map/stage_plain-os-dawn02001.unity3d,battle/map,.unity3d,817110
battle/map/stage_plain-os-du00501.unity3d,battle/map,.unity3d,483260
battle/map/stage_plain-os-du01801.unity3d,battle/map,.unity3d,1047044
battle/map/stage_plain-os-du01901.unity3d,battle/map,.unity3d,958082
battle/map/stage_plain-os-ni00201.unity3d,battle/map,.unity3d,459497
battle/map/stage_plain-os-ni00401.unity3d,battle/map,.unity3d,414957
battle/map/stage_plain-os-ni00501.unity3d,battle/map,.unity3d,505545
battle/map/stage_plain-os-ni00701.unity3d,battle/map,.unity3d,469305
battle/map/stage_plain-os-ni01501.unity3d,battle/map,.unity3d,1300083
battle/map/stage_plain-os-ni02001.unity3d,battle/map,.unity3d,826159
battle/map/stage_plain-os-niri00401.unity3d,battle/map,.unity3d,559687
battle/map/stage_plain-os-niri00501.unity3d,battle/map,.unity3d,496556
battle/map/stage_plain-os-niri00501_all.unity3d,battle/map,.unity3d,537653
battle/map/stage_plain-os-niri00501_lightrain.unity3d,battle/map,.unity3d,498689
battle/map/stage_plain-os-niri00501_rainstorm.unity3d,battle/map,.unity3d,478487
battle/map/stage_plain-os-niri00501_thunder.unity3d,battle/map,.unity3d,502078
battle/map/stage_plain-os-niri00501_thunderrain.unity3d,battle/map,.unity3d,502870
battle/map/stage_plain-os-niri00501_thunderrainstorm.unity3d,battle/map,.unity3d,503300
battle/map/stage_plain-spcl-da00201.unity3d,battle/map,.unity3d,1210952
battle/map/stage_plain-spcl-da00301.unity3d,battle/map,.unity3d,635710
battle/map/stage_plain-spcl-da00401.unity3d,battle/map,.unity3d,1571623
battle/map/stage_plain-spcl-da00501.unity3d,battle/map,.unity3d,829731
battle/map/stage_plain-spcl-du00301.unity3d,battle/map,.unity3d,609240
battle/map/stage_plain-spcl-ni00501.unity3d,battle/map,.unity3d,754681
battle/map/stage_plain-spcl-ni00601.unity3d,battle/map,.unity3d,1594715
battle/map/stage_plain-spcl-nith00101.unity3d,battle/map,.unity3d,714781
battle/map/stage_virtual-sky-da00201-spcl00.unity3d,battle/map,.unity3d,1523544
battle/map/stage_virtual-sky-da00201.unity3d,battle/map,.unity3d,1387195
battle/map/stage_virtual-sky-da00201_cvr01.unity3d,battle/map,.unity3d,1418692
battle/map/test657.unity3d,battle/map,.unity3d,579590
battle/map/test65sub8.unity3d,battle/map,.unity3d,690109
battle/map/testmap.unity3d,battle/map,.unity3d,132575
battle/map/weaponmissiondex.unity3d,battle/map,.unity3d,341086
battle/map/zxw-ce-stage_city-ca-da00501.unity3d,battle/map,.unity3d,748951
audio/cn/vo_innerstage01_01.bnk,audio/cn,.bnk,2013
audio/cn/vo_innerstage01_02.bnk,audio/cn,.bnk,1503
audio/cn/vo_innerstage01_06.bnk,audio/cn,.bnk,2348
audio/cn/vo_innerstage01_12.bnk,audio/cn,.bnk,2143
audio/cn/vo_innerstage01_18.bnk,audio/cn,.bnk,2598
audio/cn/vo_innerstage02_01.bnk,audio/cn,.bnk,1668
audio/cn/vo_innerstage02_02.bnk,audio/cn,.bnk,703
audio/cn/vo_innerstage02_06.bnk,audio/cn,.bnk,1758
audio/cn/vo_innerstage02_12.bnk,audio/cn,.bnk,3603
audio/cn/vo_innerstage02_18.bnk,audio/cn,.bnk,2298
audio/cn/vo_innerstage03_01.bnk,audio/cn,.bnk,2103
audio/cn/vo_innerstage03_06.bnk,audio/cn,.bnk,2078
audio/cn/vo_innerstage03_12.bnk,audio/cn,.bnk,3618
audio/cn/vo_innerstage03_17.bnk,audio/cn,.bnk,5738
audio/cn/vo_innerstage05_01.bnk,audio/cn,.bnk,2103
audio/cn/vo_innerstage05_06.bnk,audio/cn,.bnk,2303
audio/cn/vo_innerstage05_12.bnk,audio/cn,.bnk,1403
audio/cn/vo_innerstage05_18.bnk,audio/cn,.bnk,2503
audio/cn/vo_innerstage06_01.bnk,audio/cn,.bnk,2703
audio/cn/vo_innerstage06_02.bnk,audio/cn,.bnk,803
audio/cn/vo_innerstage06_06.bnk,audio/cn,.bnk,2703
audio/cn/vo_innerstage06_12.bnk,audio/cn,.bnk,1803
audio/cn/vo_innerstage06_18.bnk,audio/cn,.bnk,3103
audio/cn/vo_innerstage07_01.bnk,audio/cn,.bnk,1903
audio/cn/vo_innerstage07_02.bnk,audio/cn,.bnk,1003
audio/cn/vo_innerstage07_06.bnk,audio/cn,.bnk,2203
audio/cn/vo_innerstage07_12.bnk,audio/cn,.bnk,3103
audio/cn/vo_innerstage07_18.bnk,audio/cn,.bnk,2903
audio/cn/vo_innerstage08_06.bnk,audio/cn,.bnk,1903
audio/cn/vo_innerstage08_17A.bnk,audio/cn,.bnk,1903
audio/cn/vo_innerstage08_17B.bnk,audio/cn,.bnk,2163
audio/cn/vo_innerstage09_01.bnk,audio/cn,.bnk,2203
audio/cn/vo_innerstage09_06.bnk,audio/cn,.bnk,2203
audio/cn/vo_innerstage09_12.bnk,audio/cn,.bnk,2203
audio/cn/vo_innerstage09_18.bnk,audio/cn,.bnk,3503
audio/cn/vo_innerstage10_01.bnk,audio/cn,.bnk,2603
audio/cn/vo_innerstage10_06.bnk,audio/cn,.bnk,2903
audio/cn/vo_innerstage10_12.bnk,audio/cn,.bnk,3303
audio/cn/vo_innerstage10_18.bnk,audio/cn,.bnk,4603
audio/cn/vo_innerstage11_01.bnk,audio/cn,.bnk,2803
audio/cn/vo_innerstage11_05.bnk,audio/cn,.bnk,3503
audio/cn/vo_innerstage11_10.bnk,audio/cn,.bnk,3803
audio/cn/vo_innerstage11_18.bnk,audio/cn,.bnk,3813
audio/cn/vo_innerstage13_01.bnk,audio/cn,.bnk,1703
audio/cn/vo_innerstage13_06.bnk,audio/cn,.bnk,2103
audio/cn/vo_innerstage13_12.bnk,audio/cn,.bnk,2503
audio/cn/vo_innerstage13_18.bnk,audio/cn,.bnk,2303
audio/cn/vo_innerstage14_01.bnk,audio/cn,.bnk,2003
audio/cn/vo_innerstage14_06.bnk,audio/cn,.bnk,3303
audio/cn/vo_innerstage14_12.bnk,audio/cn,.bnk,4003
audio/cn/vo_innerstage14_18.bnk,audio/cn,.bnk,1703
audio/cn/vo_innerstage_15_1.bnk,audio/cn,.bnk,2503
audio/cn/vo_innerstage_15_11.bnk,audio/cn,.bnk,3228
audio/cn/vo_innerstage_15_6.bnk,audio/cn,.bnk,3893
audio/cn/vo_scenario_qv3_0002_1.bnk,audio/cn,.bnk,1203
audio/cn/vo_scenario_qv3_0004_2.bnk,audio/cn,.bnk,3523
audio/cn/vo_scenario_qv3_0010.bnk,audio/cn,.bnk,3123
audio/cn/vo_scenario_qv3_0014_1.bnk,audio/cn,.bnk,4728
audio/cn/vo_scenario_qv3_0018.bnk,audio/cn,.bnk,1963
audio/cn/vo_scenario_qv3_0032.bnk,audio/cn,.bnk,3928
audio/jp/vo_innerstage01_01.bnk,audio/jp,.bnk,2003
audio/jp/vo_innerstage01_02.bnk,audio/jp,.bnk,1503
audio/jp/vo_innerstage01_06.bnk,audio/jp,.bnk,2303
audio/jp/vo_innerstage01_12.bnk,audio/jp,.bnk,2103
audio/jp/vo_innerstage01_18.bnk,audio/jp,.bnk,2503
audio/jp/vo_innerstage02_01.bnk,audio/jp,.bnk,1603
audio/jp/vo_innerstage02_02.bnk,audio/jp,.bnk,703
audio/jp/vo_innerstage02_06.bnk,audio/jp,.bnk,1763
audio/jp/vo_innerstage02_12.bnk,audio/jp,.bnk,3668
audio/jp/vo_innerstage02_18.bnk,audio/jp,.bnk,2293
audio/jp/vo_innerstage03_01.bnk,audio/jp,.bnk,2113
audio/jp/vo_innerstage03_06.bnk,audio/jp,.bnk,2003
audio/jp/vo_innerstage03_12.bnk,audio/jp,.bnk,3503
audio/jp/vo_innerstage03_17.bnk,audio/jp,.bnk,5703
audio/jp/vo_innerstage05_01.bnk,audio/jp,.bnk,2103
audio/jp/vo_innerstage05_06.bnk,audio/jp,.bnk,2303
audio/jp/vo_innerstage05_12.bnk,audio/jp,.bnk,1403
audio/jp/vo_innerstage05_18.bnk,audio/jp,.bnk,2503
audio/jp/vo_innerstage06_01.bnk,audio/jp,.bnk,2703
audio/jp/vo_innerstage06_02.bnk,audio/jp,.bnk,803
audio/jp/vo_innerstage06_06.bnk,audio/jp,.bnk,2703
audio/jp/vo_innerstage06_12.bnk,audio/jp,.bnk,1803
audio/jp/vo_innerstage06_18.bnk,audio/jp,.bnk,3103
audio/jp/vo_innerstage07_01.bnk,audio/jp,.bnk,1903
audio/jp/vo_innerstage07_02.bnk,audio/jp,.bnk,1003
audio/jp/vo_innerstage07_06.bnk,audio/jp,.bnk,2203
audio/jp/vo_innerstage07_12.bnk,audio/jp,.bnk,3103
audio/jp/vo_innerstage07_18.bnk,audio/jp,.bnk,2903
audio/jp/vo_innerstage08_06.bnk,audio/jp,.bnk,1903
audio/jp/vo_innerstage08_17A.bnk,audio/jp,.bnk,1903
audio/jp/vo_innerstage08_17B.bnk,audio/jp,.bnk,2103
audio/jp/vo_innerstage09_01.bnk,audio/jp,.bnk,2203
audio/jp/vo_innerstage09_06.bnk,audio/jp,.bnk,2203
audio/jp/vo_innerstage09_12.bnk,audio/jp,.bnk,2203
audio/jp/vo_innerstage09_18.bnk,audio/jp,.bnk,3503
audio/jp/vo_innerstage10_01.bnk,audio/jp,.bnk,2603
audio/jp/vo_innerstage10_06.bnk,audio/jp,.bnk,2903
audio/jp/vo_innerstage10_12.bnk,audio/jp,.bnk,3303
audio/jp/vo_innerstage10_18.bnk,audio/jp,.bnk,4603
audio/jp/vo_innerstage11_01.bnk,audio/jp,.bnk,2803
audio/jp/vo_innerstage11_05.bnk,audio/jp,.bnk,3503
audio/jp/vo_innerstage11_10.bnk,audio/jp,.bnk,3803
audio/jp/vo_innerstage11_18.bnk,audio/jp,.bnk,3803
audio/jp/vo_innerstage13_01.bnk,audio/jp,.bnk,1703
audio/jp/vo_innerstage13_06.bnk,audio/jp,.bnk,2103
audio/jp/vo_innerstage13_12.bnk,audio/jp,.bnk,2503
audio/jp/vo_innerstage13_18.bnk,audio/jp,.bnk,2303
audio/jp/vo_innerstage14_01.bnk,audio/jp,.bnk,2003
audio/jp/vo_innerstage14_06.bnk,audio/jp,.bnk,3303
audio/jp/vo_innerstage14_12.bnk,audio/jp,.bnk,4003
audio/jp/vo_innerstage14_18.bnk,audio/jp,.bnk,1703
audio/jp/vo_innerstage_15_1.bnk,audio/jp,.bnk,2503
audio/jp/vo_innerstage_15_11.bnk,audio/jp,.bnk,3228
audio/jp/vo_innerstage_15_6.bnk,audio/jp,.bnk,3893
audio/jp/vo_scenario_qv3_0002_1.bnk,audio/jp,.bnk,1208
audio/jp/vo_scenario_qv3_0004_2.bnk,audio/jp,.bnk,3568
audio/jp/vo_scenario_qv3_0010.bnk,audio/jp,.bnk,3103
audio/jp/vo_scenario_qv3_0014_1.bnk,audio/jp,.bnk,4703
audio/jp/vo_scenario_qv3_0018.bnk,audio/jp,.bnk,1903
audio/jp/vo_scenario_qv3_0032.bnk,audio/jp,.bnk,3903
audio/kr/vo_innerstage01_01.bnk,audio/kr,.bnk,2003
audio/kr/vo_innerstage01_02.bnk,audio/kr,.bnk,1503
audio/kr/vo_innerstage01_06.bnk,audio/kr,.bnk,2303
audio/kr/vo_innerstage01_12.bnk,audio/kr,.bnk,2103
audio/kr/vo_innerstage01_18.bnk,audio/kr,.bnk,2503
audio/kr/vo_innerstage02_01.bnk,audio/kr,.bnk,1603
audio/kr/vo_innerstage02_02.bnk,audio/kr,.bnk,703
audio/kr/vo_innerstage02_06.bnk,audio/kr,.bnk,1703
audio/kr/vo_innerstage02_12.bnk,audio/kr,.bnk,3503
audio/kr/vo_innerstage02_18.bnk,audio/kr,.bnk,2203
audio/kr/vo_innerstage03_01.bnk,audio/kr,.bnk,2103
audio/kr/vo_innerstage03_06.bnk,audio/kr,.bnk,2003
audio/kr/vo_innerstage03_12.bnk,audio/kr,.bnk,3503
audio/kr/vo_innerstage03_17.bnk,audio/kr,.bnk,5703
audio/kr/vo_innerstage05_01.bnk,audio/kr,.bnk,2103
audio/kr/vo_innerstage05_06.bnk,audio/kr,.bnk,2303
audio/kr/vo_innerstage05_12.bnk,audio/kr,.bnk,1403
audio/kr/vo_innerstage05_18.bnk,audio/kr,.bnk,2503
audio/kr/vo_innerstage06_01.bnk,audio/kr,.bnk,2703
audio/kr/vo_innerstage06_02.bnk,audio/kr,.bnk,803
audio/kr/vo_innerstage06_06.bnk,audio/kr,.bnk,2703
audio/kr/vo_innerstage06_12.bnk,audio/kr,.bnk,1803
audio/kr/vo_innerstage06_18.bnk,audio/kr,.bnk,3103
audio/kr/vo_innerstage07_01.bnk,audio/kr,.bnk,1903
audio/kr/vo_innerstage07_02.bnk,audio/kr,.bnk,1003
audio/kr/vo_innerstage07_06.bnk,audio/kr,.bnk,2203
audio/kr/vo_innerstage07_12.bnk,audio/kr,.bnk,3103
audio/kr/vo_innerstage07_18.bnk,audio/kr,.bnk,2903
audio/kr/vo_innerstage08_06.bnk,audio/kr,.bnk,1903
audio/kr/vo_innerstage08_17A.bnk,audio/kr,.bnk,1903
audio/kr/vo_innerstage08_17B.bnk,audio/kr,.bnk,2103
audio/kr/vo_innerstage09_01.bnk,audio/kr,.bnk,2203
audio/kr/vo_innerstage09_06.bnk,audio/kr,.bnk,2203
audio/kr/vo_innerstage09_12.bnk,audio/kr,.bnk,2203
audio/kr/vo_innerstage09_18.bnk,audio/kr,.bnk,3503
audio/kr/vo_innerstage10_01.bnk,audio/kr,.bnk,2603
audio/kr/vo_innerstage10_06.bnk,audio/kr,.bnk,2903
audio/kr/vo_innerstage10_12.bnk,audio/kr,.bnk,3303
audio/kr/vo_innerstage10_18.bnk,audio/kr,.bnk,4603
audio/kr/vo_innerstage11_01.bnk,audio/kr,.bnk,2803
audio/kr/vo_innerstage11_05.bnk,audio/kr,.bnk,3503
audio/kr/vo_innerstage11_10.bnk,audio/kr,.bnk,3803
audio/kr/vo_innerstage11_18.bnk,audio/kr,.bnk,3803
audio/kr/vo_innerstage13_01.bnk,audio/kr,.bnk,1703
audio/kr/vo_innerstage13_06.bnk,audio/kr,.bnk,2103
audio/kr/vo_innerstage13_12.bnk,audio/kr,.bnk,2503
audio/kr/vo_innerstage13_18.bnk,audio/kr,.bnk,2303
audio/kr/vo_innerstage14_01.bnk,audio/kr,.bnk,2003
audio/kr/vo_innerstage14_06.bnk,audio/kr,.bnk,3303
audio/kr/vo_innerstage14_12.bnk,audio/kr,.bnk,4003
audio/kr/vo_innerstage14_18.bnk,audio/kr,.bnk,1703
audio/kr/vo_innerstage_15_1.bnk,audio/kr,.bnk,2503
audio/kr/vo_innerstage_15_11.bnk,audio/kr,.bnk,3228
audio/kr/vo_innerstage_15_6.bnk,audio/kr,.bnk,3893
audio/kr/vo_scenario_qv3_0002_1.bnk,audio/kr,.bnk,1203
audio/kr/vo_scenario_qv3_0004_2.bnk,audio/kr,.bnk,3503
audio/kr/vo_scenario_qv3_0010.bnk,audio/kr,.bnk,3103
audio/kr/vo_scenario_qv3_0014_1.bnk,audio/kr,.bnk,4703
audio/kr/vo_scenario_qv3_0018.bnk,audio/kr,.bnk,1903
audio/kr/vo_scenario_qv3_0032.bnk,audio/kr,.bnk,3903
